t,phi
-0.033381710405771,-0.0092350120467131
0,0.014128750700623
0.03338171,-0.0252342951771583
0.066763421,0.0594599751280158
0.100145131,-0.267984992570239
0.133526842,0.25237799596091
0.166908552,-0.0671349222608152
0.200290262,0.0144282638825347
0.233671973,-0.0239976068983885
0.267053683,0.000307086845464651
0.300435394,-0.018857166228001
0.333817104,-0.000153497270419668
0.367198814,-0.0230842704945356
0.400580525,0.013116955032047
0.433962235,-0.0657177746684014
0.467343946,0.252789634480186
0.500725656,-0.254652671158742
0.534107366,0.0461421279982535
0.567489077,-0.00710889106664604
0.600870787,-0.0158584145422447
0.634252498,0.0565017028040104
0.667634208,-0.270313512088215
0.701015918,0.261378413336263
0.734397629,-0.0886145852630069
0.767779339,0.0714140069353053
0.80116105,-0.291013083040351
0.83454276,0.253801279168895
0.867924471,-0.090847750743889
0.901306181,0.0279818943357138
0.934687891,-0.0903667354103622
0.968069602,0.254259780876136
1.001451312,-0.27537894859452
1.034833023,0.0487806450051981
1.068214733,-0.034295618713627
1.101596443,0.00318785984282827
1.134978154,-0.0177981559061654
1.168359864,-0.00481706016343831
1.201741575,-0.0131028075723986
1.235123285,-0.0080983186089151
1.268504995,-0.0102406558260492
1.301886706,-0.0114505190864509
1.335268416,-0.0048035532397169
1.368650127,-0.0234697012806289
1.402031837,0.0328559706477246
1.435413547,-0.249728961916048
1.468795258,0.179549289655803
1.502176968,0.195396404012473
1.535558679,-0.253537375341298
1.568940389,0.0408259875898283
1.602322099,-0.0345703678916215
1.63570381,0.0108345194790574
1.66908552,-0.0351270338569853
1.702467231,0.0302958342228922
1.735848941,-0.0953122907135663
1.769230651,0.319042741236005
1.802612362,-0.533619752503472
1.835994072,0.317188649659811
1.869375783,-0.109264554401262
1.902757493,0.079472515928979
1.936139203,-0.292085713203574
1.969520914,0.249102096869733
2.002902624,-0.0790195040811598
2.036284335,0.0031963903403826
2.069666045,-0.0295215226270465
2.103047755,-0.0173211489223834
2.136429466,-0.016334049686002
2.169811176,-0.0302642026271126
2.203192887,0.00342627939434316
2.236574597,-0.0785093611601956
2.269956307,0.248777314989618
2.303338018,-0.274043241795505
2.336719728,0.0509299845385129
2.370101439,-0.0403308812807609
2.403483149,0.0150440889401535
2.43686486,-0.0414474618343547
2.47024657,0.0536038388494476
2.50362828,-0.280563861303227
2.537009991,0.244237327013575
2.570391701,-0.0779452716248698
2.603773412,0.00470004320779185
2.637155122,-0.0331379767293922
2.670536832,-0.0115651106985596
2.703918543,-0.0248279993423028
2.737300253,-0.0172760974539572
2.770681964,-0.0193085118958483
2.804063674,-0.0249910920517735
2.837445384,-0.00409184457740044
2.870827095,-0.0683263182396597
2.904208805,0.234831757578474
2.937590516,-0.253793790636967
2.970972226,0.0176761412088205
3.004353936,0.0300699358177987
3.037735647,-0.26913938932589
3.071117357,0.238529233070192
3.104499068,-0.0756015680310783
3.137880778,0.00476167985618283
3.171262488,-0.035295172594847
3.204644199,-0.00718202964677728
3.238025909,-0.0320487141702079
3.27140762,-0.00580256393795416
3.30478933,-0.0382413709959299
3.33817104,0.00974166741640314
3.371552751,-0.0836939699074064
3.404934461,0.253170367239334
3.438316172,-0.277875051713771
3.471697882,0.0543660776632521
3.505079592,-0.0434973375275179
3.538461303,0.0180432550764015
3.571843013,-0.0443686193447002
3.605224724,0.0565313813367136
3.638606434,-0.283584649461027
3.671988144,0.247448626259233
3.705369855,-0.081464898033075
3.738751565,0.00868117627011414
3.772133276,-0.0377930511867059
3.805514986,-0.0059225845191202
3.838896697,-0.0319517915657607
3.872278407,-0.00783292231344618
3.905660117,-0.0326322986606077
3.939041828,-0.00448950269185379
3.972423538,-0.0401494564796945
4.005805249,0.0123116257224063
4.039186959,-0.0871726337011717
4.072568669,0.258066948891161
4.10595038,-0.285218647502806
4.13933209,0.0664544827365345
4.172713801,-0.0665155145983864
4.206095511,0.0750820730812911
4.239477221,-0.309722429775192
4.272858932,0.305957869674525
4.306240642,-0.347357067747876
4.339622353,0.257946516637404
4.373004063,-0.100730061235146
4.406385773,0.00313620672769075
4.439767484,-0.0491113531690941
4.473149194,-0.0164427989869078
4.506530905,-0.0394263781968282
4.539912615,-0.0219921555154522
4.573294325,-0.0359400821021613
4.606676036,-0.0243195384411887
4.640057746,-0.0343241154065888
4.673439457,-0.0254652464368203
4.706821167,-0.0335118475417879
4.740202877,-0.0260224472596079
4.773584588,-0.0331681567397663
4.806966298,-0.0261668508226969
4.840348009,-0.0332343618361076
4.873729719,-0.0258477378581413
4.907111429,-0.033895624487143
4.94049314,-0.0246714620242843
4.97387485,-0.035928738497173
5.007256561,-0.0210533021091345
5.040638271,-0.0428873985420835
5.074019981,-0.00562219156399911
5.107401692,-0.0875649942377127
5.140783402,0.236421310090183
5.174165113,-0.279542013585787
5.207546823,0.0341354421159424
5.240928533,-0.0396579002674051
5.274310244,-0.0116171370205129
5.307691954,-0.0216299819623142
5.341073665,-0.023049135457853
5.374455375,-0.00999886192043612
5.407837086,-0.0417604661625165
5.441218796,0.0373314223535357
5.474600506,-0.286243706690097
5.507982217,0.231827216713095
5.541363927,-0.0868377531328639
5.574745638,-0.00444861083871576
5.608127348,-0.0460183726028246
5.641509058,-0.0150764795210669
5.674890769,-0.0470085855715045
5.708272479,-0.00229542047008236
5.74165419,-0.0907052744953014
5.7750359,0.239806450122339
5.80841761,-0.283560425799751
5.841799321,0.0392270116979109
5.875181031,-0.0464225311973175
5.908562742,-0.00223505458652408
5.941944452,-0.0353170326467419
5.975326162,-0.00158647872921141
6.008707873,-0.0478840183600397
6.042089583,0.0420376496041562
6.075471294,-0.290101335510553
6.108853004,0.235301827622675
6.142234714,-0.0904552932651084
6.175616425,0.000155870702631303
6.208998135,-0.0534342940695173
6.242379846,0.000316439134688075
6.275761556,-0.0911556387239921
6.309143266,0.238697840642561
6.342524977,-0.281049715206574
6.375906687,0.0351964343909199
6.409288398,-0.0404830840906764
6.442670108,-0.0108744314065285
6.476051818,-0.0224150480847791
6.509433529,-0.0221070651063972
6.542815239,-0.0112164955952523
6.57619695,-0.0401308196048872
6.60957866,0.0351178746200383
6.64296037,-0.28321264431493
6.676342081,0.227638828750492
6.709723791,-0.0809632008320177
6.743105502,-0.0128968453217637
6.776487212,-0.0333616314160678
6.809868922,-0.0353552632910866
6.843250633,-0.01053220129442
6.876632343,-0.0843599004772811
6.910014054,0.234515423337528
6.943395764,-0.278792727556387
6.976777475,0.0345777543390118
7.010159185,-0.0414960061222035
7.043540895,-0.00795462816514498
7.076922606,-0.0279236942267457
7.110304316,-0.0125608110466881
7.143686027,-0.0280255980835764
7.177067737,-0.00769470318755247
7.210449447,-0.0420760874367546
7.243831158,0.0359630281905081
7.277212868,-0.283252523687758
7.310594579,0.227064760638862
7.343976289,-0.0799037176425662
7.377357999,-0.0143533876102296
7.41073971,-0.0315693932554983
7.44412142,-0.0374408758593725
7.477503131,-0.00818136874540033
7.510884841,-0.0869590156177469
7.544266551,0.23735545310402
7.577648262,-0.281875209411367
7.611029972,0.0379133312038991
7.644411683,-0.0451055338427819
7.677793393,-0.00403784427980536
7.711175103,-0.0321973292454879
7.744556814,-0.00785809564030794
7.777938524,-0.0332628052697843
7.811320235,-0.0017663445587971
7.844701945,-0.0489359339810263
7.878083655,0.0441403960508299
7.911465366,-0.293408058777568
7.944847076,0.240433048312401
7.978228787,-0.0991027716757668
8.011610497,0.0174145496199556
8.044992207,-0.100059972117457
8.078373918,0.244426595476781
8.111755628,-0.285334159702077
8.145137339,0.0387902083656894
8.178519049,-0.0438049825234699
8.211900759,-0.00749172526099198
8.24528247,-0.0262731034777258
8.27866418,-0.017025220604561
8.312045891,-0.0192589901569792
8.345427601,-0.0240509088986058
8.378809312,-0.00967503676783851
8.412191022,-0.0417463867130013
8.445572732,0.0371862824288057
8.478954443,-0.28614081856599
8.512336153,0.231979613775225
8.545717864,-0.0876005588654118
8.579099574,-0.00235279715591656
8.612481284,-0.0511813320258898
8.645862995,-0.00175124498665173
8.679244705,-0.0892155653968894
8.712626416,0.236835507211553
8.746008126,-0.279219293345347
8.779389836,0.0333529596644175
8.812771547,-0.0385793745688336
8.846153257,-0.0128912094864884
8.879534968,-0.0202223881737424
8.912916678,-0.0245544047563536
8.946298388,-0.00841072308686127
8.979680099,-0.0434379690742161
9.013061809,0.0391324322267217
9.04644352,-0.288246275210182
9.07982523,0.234189895925774
9.11320694,-0.0898845643523286
9.146588651,-1.13826818913046e-05
9.179970361,-0.0535745300015626
9.213352072,0.000697374159653652
9.246733782,-0.0917331282588533
9.280115492,0.239448240928368
9.313497203,-0.281972132754738
9.346878913,0.0363211221244843
9.380260624,-0.0418908847965148
9.413642334,-0.00900940210488282
9.447024044,-0.0251024644838009
9.480405755,-0.0177954716882322
9.513787465,-0.0191006157251833
9.547169176,-0.0230430407929575
9.580550886,-0.0133345732845977
9.613932596,-0.0307769101437489
9.647314307,-0.000932325292133697
9.680696017,-0.0548771705898778
9.714077728,0.0608811607867367
9.747459438,-0.343397733806284
9.780841148,0.496906360265096
9.814222859,-0.335440938619612
9.847604569,0.0576425841127765
9.88098628,-0.0535971855853482
9.91436799,-0.000870278120291968
9.947749701,-0.0320339512501854
9.981131411,-0.0108176894952493
10.01451312,-0.02705882078444
10.04789483,-0.0131213075299828
10.08127654,-0.0265832681907001
10.11465825,-0.0119023439327809
10.14803996,-0.0300014808370222
10.18142167,-0.00461073542896308
10.21480338,-0.0463246169564351
10.24818509,0.0416651600949329
10.2815668,-0.291016583805686
10.31494851,0.238097494812456
10.34833023,-0.0968095597145486
10.38171194,0.0151590025422751
10.41509365,-0.0978435000129413
10.44847536,0.242255306869435
10.48185707,-0.28321836128557
10.51523878,0.0367445466256979
10.54862049,-0.0418491547463802
10.5820022,-0.00933163323185311
10.61538391,-0.0245837453229996
10.64876562,-0.0185175072564686
10.68214733,-0.018027399835944
10.71552904,-0.0249327920544272
10.74891075,-0.00927084811774104
10.78229246,-0.0414826804100314
10.81567417,0.0359604527731423
10.84905588,-0.283474418856519
10.88243759,0.227043285476506
10.9158193,-0.0788290530010977
10.94920101,-0.0182871887099742
10.98258272,-0.0196173386975689
11.01596443,-0.0781936048667071
11.04934614,0.229483661754691
11.08272785,-0.274081607790119
11.11610956,0.0297041366729895
11.14949128,-0.0360713704965754
11.18287299,-0.0143510419683376
11.2162547,-0.0199833419716395
11.24963641,-0.0229561483245077
11.28301812,-0.0135265738819104
11.31639983,-0.0297227720102942
11.34978154,-0.00392493072660149
11.38316325,-0.0477415522478231
11.41654496,0.04366558408564
11.44992667,-0.293506469458625
11.48330838,0.241018911521718
11.51669009,-0.100130996743829
11.5500718,0.0188703447711282
11.58345351,-0.101954170813614
11.61683522,0.246795042242977
11.65021693,-0.288240774069506
11.68359864,0.0423343917950611
11.71698035,-0.0481353610372941
11.75036206,-0.00215292006724853
11.78374377,-0.0329602755652182
11.81712548,-0.00844803299213845
11.85050719,-0.0306422922242459
11.8838889,-0.00817637375014718
11.91727061,-0.0335370480277185
11.95065232,-0.00118688831067004
11.98403404,-0.0496835625997852
12.01741575,0.0449893145445875
12.05079746,-0.294327124342373
12.08417917,0.241411027845673
12.11756088,-0.100140876613895
12.15094259,0.0185231499919414
12.1843243,-0.101257727853791
12.21770601,0.245741358616008
12.25108772,-0.286805656420577
12.28446943,0.0404751002372753
12.31785114,-0.0457857455869247
12.35123285,-0.00509109290543755
12.38461456,-0.0292880667183434
12.41799627,-0.0130743067211234
12.45137798,-0.0247151551928013
12.48475969,-0.0159868924452511
12.5181414,-0.0227689304981152
12.55152311,-0.0171864300444475
12.58490482,-0.0225053364430428
12.61828653,-0.0155043612475569
12.65166824,-0.0299313963574488
12.68504995,0.0155540228578122
12.71843166,-0.245085793217462
12.75181337,0.139686015222543
12.78519508,0.26003526882818
12.8185768,-0.579470878574175
12.85195851,0.537932660471085
12.88534022,-0.347398813791208
12.91872193,0.0608143543265596
12.95210364,-0.0528589002849406
12.98548535,-0.00400149285218204
13.01886706,-0.0269335254642992
13.05224877,-0.0179978912870287
13.08563048,-0.0172302592785273
13.11901219,-0.0268514787353389
13.1523939,-0.00622246090115716
13.18577561,-0.0458505661555413
13.21915732,0.0420680194964543
13.25253903,-0.292122646596105
13.28592074,0.239790476100572
13.31930245,-0.0990134111555922
13.35268416,0.0178279507988218
13.38606587,-0.10095668589423
13.41944758,0.245814784256463
13.45282929,-0.287250094344545
13.486211,0.0413028111955539
13.51959271,-0.0470257413510093
13.55297442,-0.003390286971584
13.58635613,-0.0315227246104882
13.61973784,-0.010199983839539
13.65311956,-0.0283810948921508
13.68650127,-0.0113093256076521
13.71988298,-0.0287832504782165
13.75326469,-0.00933962189227847
13.7866464,-0.0329736863382029
13.82002811,-0.00108416434690067
13.85340982,-0.050728194018587
13.88679153,0.0476603767675215
13.92017324,-0.300349194601017
13.95355495,0.255892846431341
13.98693666,-0.143838217086382
14.02031837,0.259541068841917
14.05370008,-0.292154016196971
14.08708179,0.0423176642699377
14.1204635,-0.0457414455954246
14.15384521,-0.00644604265161734
14.18722692,-0.0267510655388211
14.22060863,-0.0169591594913529
14.25399034,-0.0189821510895626
14.28737205,-0.0246570229347344
14.32075376,-0.00870576941874673
14.35413547,-0.0431699879381194
14.38751718,0.0392466448245648
14.42089889,-0.289196083496148
14.45428061,0.236781402266377
14.48766232,-0.0959362163996754
14.52104403,0.0146915959210522
14.55442574,-0.0977665902733449
14.58780745,0.242574229468718
14.62118916,-0.283961500471771
14.65457087,0.0379692462344255
14.68795258,-0.0436531770910712
14.72133429,-0.00678905019890204
14.754716,-0.0281248714361954
14.78809771,-0.0135402643871299
14.82147942,-0.0252178053214318
14.85486113,-0.0140351588461703
14.88824284,-0.0271012042132753
14.92162455,-0.0084071174893021
14.95500626,-0.0413644766662162
14.98838797,0.0350685773331674
15.02176968,-0.281945609513543
15.05515139,0.22496650410552
15.0885331,-0.07625893249115
15.12191481,-0.0213229394516459
15.15529652,-0.0161201579389144
15.18867823,-0.0821712469899329
15.22205994,0.233986864537114
15.25544165,-0.279188288738355
15.28882337,0.0355376919339129
15.32220508,-0.042823446562797
15.35558679,-0.00637880177148164
15.3889685,-0.0296678888806305
15.42235021,-0.0107092346175397
15.45573192,-0.0299300346603227
15.48911363,-0.00579601177001373
15.52249534,-0.0438936761520224
15.55587705,0.0375870296030602
15.58925876,-0.284493869154628
15.62264047,0.227570652837943
15.65602218,-0.0789389895127916
15.68940389,-0.0185480257142962
15.7227856,-0.0190114198104031
15.75616731,-0.0791362022378335
15.78954902,0.230770555868109
15.82293073,-0.275737309854372
15.85631244,0.0317733611358884
15.88969415,-0.0386258316451857
15.92307586,-0.0111999706742372
15.95645757,-0.0239057921769703
15.98983928,-0.0179772852301868
16.02322099,-0.020057735914173
16.0566027,-0.0206902249806205
16.08998441,-0.0175458099758924
16.12336613,-0.0238755118302781
16.15674784,-0.0121082297514302
16.19012955,-0.0360628215086094
16.22351126,0.0259060957264067
16.25689297,-0.262934032088209
16.29027468,0.173465637989054
16.32365639,0.181089880925443
16.3570381,-0.25797948334702
16.39041981,0.0239148544860555
16.42380152,-0.0350244064147067
16.45718323,-0.0124853368768415
16.49056494,-0.0242045761196266
16.52394665,-0.0162894247845744
16.55732836,-0.0232989951488086
16.59071007,-0.0153219923952618
16.62409178,-0.0263344875799052
16.65747349,-0.00870428867512508
16.6908552,-0.0415404432286744
16.72423691,0.0357844589158855
16.75761862,-0.283364266690595
16.79100033,0.227430425640856
16.82438204,-0.0805073164334058
16.85776375,-0.0135123485156524
16.89114546,-0.0326609579297339
16.92452718,-0.0360718997387726
16.95790889,-0.00987063703177287
16.9912906,-0.0848860296222143
17.02467231,0.234806822607308
17.05805402,-0.27871698939277
17.09143573,0.0339461782103035
17.12481744,-0.0400225328550252
17.15819915,-0.0107319702580637
17.19158086,-0.0230408441578071
17.22496257,-0.0210704159020744
17.25834428,-0.0126304849480327
17.29172599,-0.0383327875193671
17.3251077,0.032875756679725
17.35848941,-0.280378389076436
17.39187112,0.223892529901833
17.42525283,-0.0755968434478798
17.45863454,-0.0216192878034544
17.49201625,-0.0161706339018837
17.52539796,-0.0817686395332534
17.55877967,0.233201597814549
17.59216138,-0.277959332748919
17.62554309,0.0337622763865813
17.6589248,-0.040335922658162
17.69230651,-0.00984659146359478
17.72568822,-0.0247716282309847
17.75906994,-0.0178252613328594
17.79245165,-0.0190804034902234
17.82583336,-0.0236332195838532
17.85921507,-0.010713740147375
17.89259678,-0.0400065652480345
17.92597849,0.034591922127769
17.9593602,-0.282426999578753
17.99274191,0.22669242139502
18.02612362,-0.0799326226435572
18.05950533,-0.0139451312468405
18.09288704,-0.032360555592739
18.12626875,-0.0362381467103629
18.15965046,-0.00985317357035391
18.19303217,-0.0847228459031415
18.22641388,0.234404738317666
18.25979559,-0.27797291708208
18.2931773,0.0326736022660424
18.32655901,-0.037864369316173
18.35994072,-0.0145228761478564
18.39332243,-0.015836263774746
18.42670414,-0.0368569819985329
18.46008585,0.0325665504465368
18.49346756,-0.28114495512571
18.52684927,0.226010534639105
18.56023098,-0.0798817869227809
18.5936127,-0.0131209114415797
18.62699441,-0.0347101858736242
18.66037612,-0.0306804206232123
18.69375783,-0.0236715888469126
18.72713954,-0.0419680004141004
18.76052125,-0.00527170596385122
18.79390296,-0.0890055965122211
18.82728467,0.238926878629245
18.86066638,-0.283215411468188
18.89404809,0.0392247096741761
18.9274298,-0.0466238527813997
18.96081151,-0.00194040360549694
18.99419322,-0.0356075396461985
19.02757493,-0.00139767843339434
19.06095664,-0.0478600207908077
19.09433835,0.041658232076988
19.12772006,-0.289163074671071
19.16110177,0.233485835995698
19.19448348,-0.0872125562621689
19.22786519,-0.00556494410981709
19.2612469,-0.0429260668566997
19.29462861,-0.021168193841484
19.32801032,-0.0356043827684633
19.36139203,-0.0252368367238144
19.39477374,-0.0330633147557724
19.42815546,-0.0269754230330615
19.46153717,-0.0317754940502476
19.49491888,-0.0280042502156302
19.52830059,-0.030888450262407
19.5616823,-0.0288314335201664
19.59506401,-0.0300531955767401
19.62844572,-0.0297436246370776
19.66182743,-0.0289791251103608
19.69520914,-0.0311026453417548
19.72859085,-0.0271330490260449
19.76197256,-0.033805680434515
19.79535427,-0.0228145153202486
19.82873598,-0.0415320061551436
19.86211769,-0.00649874910232313
19.8954994,-0.0872845868039953
19.92888111,0.236927179571356
19.96226282,-0.281153303636887
19.99564453,0.0374201656935477
20.02902624,-0.045717485094964
20.06240795,-0.000363627496645617
20.09578966,-0.0445052478274211
20.12917137,0.035092596620135
20.16255308,-0.279171947962198
20.19593479,0.21866524092628
20.22931651,-0.0640694932530592
20.26269822,-0.0461217943273731
20.29607993,0.045980869935956
20.32946164,-0.360911155573302
20.36284335,0.525612556438898
20.39622506,-0.581632758161383
20.42960677,0.23320889832358
20.46298848,0.147473537722229
20.49637019,-0.263831070368817
20.5297519,0.0277003262508167
20.56313361,-0.0962765912401351
20.59651532,0.23954820184471
20.62989703,-0.281480805942894
20.66327874,0.0363791045129621
20.69666045,-0.0429822306687964
20.73004216,-0.00652115623756094
20.76342387,-0.0294461417734857
20.79680558,-0.0108558928939447
20.83018729,-0.0299906869957842
20.863569,-0.00538967219728722
20.89695071,-0.0448163366679107
20.93033242,0.0392637539612027
20.96371413,-0.287289485967527
20.99709584,0.232098449787802
21.03047755,-0.086342978799536
21.06385927,-0.00582071767491881
21.09724098,-0.0434637515142807
21.13062269,-0.0195237454155856
21.1640044,-0.0389159575782223
21.19738611,-0.0191769554126227
21.23076782,-0.0442339173561742
21.26414953,-0.00441952270864624
21.29753124,-0.088941910812276
21.33091295,0.238305151316032
21.36429466,-0.282366148197117
21.39767637,0.0385738818145418
21.43105808,-0.0469276742438089
21.46443979,0.00104987976657265
21.4978215,-0.0463339172032441
21.53120321,0.0376754279876599
21.56458492,-0.283104520091195
21.59796663,0.225103973285791
21.63134834,-0.0755634391856871
21.66473005,-0.0228084828106961
21.69811176,-0.0137648625505277
21.73149347,-0.0856257486682638
21.76487518,0.23901797790209
21.79825689,-0.286781679808481
21.8316386,0.0479316678722604
21.86502031,-0.066115978803519
21.89840203,0.0507673629385613
21.93178374,-0.294758571417511
21.96516545,0.237575835777677
21.99854716,-0.0906818507591675
22.03192887,-0.0022485212599738
22.06531058,-0.0463935803418036
22.09869229,-0.0172954659392967
22.132074,-0.0401590556999941
22.16545571,-0.0196246079611138
22.19883742,-0.0403345674352144
22.23221913,-0.0169371738043658
22.26560084,-0.0469583494046865
22.29898255,-0.00139946137547691
22.33236426,-0.0921252378044699
22.36574597,0.241522986677146
22.39912768,-0.285440154182679
22.43250939,0.0411845475622215
22.4658911,-0.0483971319108594
22.49927281,-0.000292828026616419
22.53265452,-0.0371796851223648
22.56603623,0.00014366765583814
22.59941794,-0.0494135757337758
22.63279965,0.0432692491687057
22.66618136,-0.290883507236621
22.69956307,0.235380346464624
22.73294479,-0.0893676564136599
22.7663265,-0.0030256674798796
22.79970821,-0.0460375917085986
22.83308992,-0.0171784990694826
22.86647163,-0.0410097311598187
22.89985334,-0.0173753402815914
22.93323505,-0.0456795214144145
22.96661676,-0.00342680316244962
22.99999847,-0.0893343352353874
23.03338018,0.237867402806002
23.06676189,-0.280724377196398
23.1001436,0.0350819453047826
23.13352531,-0.0403685486393951
23.16690702,-0.0111728540955299
23.20028873,-0.0217364221649332
23.23367044,-0.0234163538411408
23.26705215,-0.00890849622955644
23.30043386,-0.0440460988220339
23.33381557,0.0417720670500016
23.36719728,-0.29503202980731
23.40057899,0.2509938052656
23.4339607,-0.13924351228687
23.46734241,0.255157263576327
23.50072412,-0.287893504462917
23.53410584,0.0380834928001633
23.56748755,-0.0414054158047036
23.60086926,-0.0110835995929797
23.63425097,-0.0214536332523777
23.66763268,-0.023651364931535
23.70101439,-0.00914397804996784
23.7343961,-0.0427545319943204
23.76777781,0.0383848671026822
23.80115952,-0.287295954298607
23.83454123,0.232828251222937
23.86792294,-0.0877423974411513
23.90130465,-0.0036849726337932
23.93468636,-0.0465932058372986
23.96806807,-0.0147453226553533
24.00144978,-0.0470294163300628
24.03483149,-0.00266973416537057
24.0682132,-0.0898234009021193
24.10159491,0.238262172296981
24.13497662,-0.281131760089726
24.16835833,0.035581142448248
24.20174004,-0.0410330965195135
24.23512175,-0.0102581964250987
24.26850346,-0.0230161270298753
24.30188517,-0.0215974843776018
24.33526688,-0.0115534772923092
24.3686486,-0.0400622281986054
24.40203031,0.0354409664554483
24.43541202,-0.284097768868338
24.46879373,0.229336839937578
24.50217544,-0.0838682071232314
24.53555715,-0.0081180106010428
24.56893886,-0.0412536399957596
24.60232057,-0.0217282999938769
24.63570228,-0.0366354916658944
24.66908399,-0.0216231543897948
24.7024657,-0.0415134389018017
24.73584741,-0.00755638300328141
24.76922912,-0.0851892054096607
24.80261083,0.233638032309368
24.83599254,-0.276307570814917
24.86937425,0.0303035063229551
24.90275596,-0.034900458895512
24.93613767,-0.0180239346677283
24.96951938,-0.0118146463298964
25.00290109,-0.0414168348567124
25.0362828,0.0377167392076709
25.06966451,-0.286977833465654
25.10304622,0.232671752419631
25.13642793,-0.0875946914446287
25.16980964,-0.00401036522128841
25.20319136,-0.0457728680543031
25.23657307,-0.0167259675889726
25.26995478,-0.0422447173197758
25.30333649,-0.0152046260581648
25.3367182,-0.0490770386528105
25.37009991,0.00173919832562899
25.40348162,-0.097334226415814
25.43686333,0.251050144992474
25.47024504,-0.305352908945661
25.50362675,0.0943712323618634
25.53700846,-0.30884182146775
25.57039017,0.24250116870248
25.60377188,-0.0913623648809977
25.63715359,-0.00430497514454015
25.6705353,-0.0419470011796041
25.70391701,-0.0244467697830388
25.73729872,-0.0292409086062656
25.77068043,-0.0368451850939087
25.80406214,-0.0101012220672784
25.83744385,-0.0843494563831837
25.87082556,0.23433640737312
25.90420727,-0.278576113886566
25.93758898,0.034390816904447
25.97097069,-0.0413759573573355
26.00435241,-0.00798478362513173
26.03773412,-0.0280004216994954
26.07111583,-0.0123614307005224
26.10449754,-0.0283656052198474
26.13787925,-0.0071906617007819
26.17126096,-0.042777024895797
26.20464267,0.0369092673808351
26.23802438,-0.284518435398675
26.27140609,0.228770149789855
26.3047878,-0.0822533289350786
26.33816951,-0.0109818452396831
26.37155122,-0.0367339519629753
26.40493293,-0.0286741877854167
26.43831464,-0.0257518324122796
26.47169635,-0.0397172258081161
26.50507806,-0.00780655475986237
26.53845977,-0.0860401020987095
26.57184148,0.235326350979596
26.60522319,-0.278674877248127
26.6386049,0.0332579304005159
26.67198661,-0.0383965800531882
26.70536832,-0.0139949412683233
26.73875003,-0.0164010856942926
26.77213174,-0.0362126752277418
26.80551345,0.0317904437229608
26.83889517,-0.28016346827465
26.87227688,0.224708885380995
26.90565859,-0.0780644828404848
26.9390403,-0.0158177103024161
26.97242201,-0.0303820683523946
27.00580372,-0.0384230928657151
27.03918543,-0.00734699538584658
27.07256714,-0.0876968554419844
27.10594885,0.238050667225823
27.13933056,-0.282595648114049
27.17271227,0.0387599072453596
27.20609398,-0.0462500998315569
27.23947569,-0.00226764329872963
27.2728574,-0.0352917010594956
27.30623911,-0.00173406284217477
27.33962082,-0.0474694866772123
27.37300253,0.0411734961061445
27.40638424,-0.28853160178307
27.43976595,0.232633609793142
27.47314766,-0.0860290983919801
27.50652937,-0.00725365884688621
27.53991108,-0.0404415636040506
27.57329279,-0.0249687330013473
27.6066745,-0.0294670282948022
27.64005621,-0.035986562128783
27.67343793,-0.0115508827547857
27.70681964,-0.0822952012650996
27.74020135,0.231613264110901
27.77358306,-0.275061894868487
27.80696477,0.0298850241719095
27.84034648,-0.0355582475296178
27.87372819,-0.0156368067255988
27.9071099,-0.0176181933825689
27.94049161,-0.02713701910088
27.97387332,-0.00572398842708483
28.00725503,-0.0463857469337527
28.04063674,0.0425724649238738
28.07401845,-0.292574156159872
28.10740016,0.240186999636375
28.14078187,-0.0993627564033586
28.17416358,0.0181438313840223
28.20754529,-0.1012579230962
28.240927,0.24612658664244
28.27430871,-0.287607433301404
28.30769042,0.0417568591874133
28.34107213,-0.0476557893952866
28.37445384,-0.00245399219361021
28.40783555,-0.0329929845706163
28.44121726,-0.00776774868510099
28.47459897,-0.0326567617542353
28.50798069,-0.00313283389073995
28.5413624,-0.0466528834772711
28.57474411,0.040642435611003
28.60812582,-0.288139817782492
28.64150753,0.232304754556945
28.67488924,-0.0857219865082727
28.70827095,-0.00756124442890174
28.74165266,-0.0401223771034784
28.77503437,-0.0253033298327409
28.80841608,-0.0291190804940653
28.84179779,-0.0363397157250542
28.8751795,-0.0112086741699737
28.90856121,-0.0825979440275521
28.94194292,0.23182693244939
28.97532463,-0.275098293370276
29.00870634,0.0295804128523888
29.04208805,-0.034588858976347
29.07546976,-0.0179700043099129
29.10885147,-0.0122101200425733
29.14223318,-0.040685074201824
29.17561489,0.0366358150377568
29.2089966,-0.285514817408786
29.24237831,0.230768685402056
29.27576002,-0.0851590668790262
29.30914174,-0.00712282505487298
29.34252345,-0.0417558562889802
29.37590516,-0.0220199377940955
29.40928687,-0.0350286463556582
29.44266858,-0.0255589203963097
29.47605029,-0.032989382948255
29.509432,-0.0267905746071215
29.54281371,-0.0322475255080159
29.57619542,-0.0271943454853852
29.60957713,-0.0321179853343686
29.64295884,-0.0270533636850505
29.67634055,-0.032585742060339
29.70972226,-0.0261151839884567
29.74310397,-0.034303826069331
29.77648568,-0.0229318297196663
29.80986739,-0.0406437859400019
29.8432491,-0.00840790302042227
29.87663081,-0.0839419774960505
29.91001252,0.231434504326117
29.94339423,-0.272162842260164
29.97677594,0.0220789564498316
30.01015765,-0.0167630122403756
30.04353936,-0.0684047421654329
30.07692107,0.243290541522551
30.11030278,-0.271777248180809
30.1436845,0.0526523113750145
30.17706621,-0.0505795907507785
30.21044792,0.0540873576006625
30.24382963,-0.276743967560914
30.27721134,0.236723128927549
30.31059305,-0.0651344816023582
30.34397476,-0.0192227292021213
30.37735647,0.0247288655561283
30.41073818,-0.277446041671231
30.44411989,0.224416363240513
30.4775016,-0.0795036829426631
30.51088331,-0.0127232717195168
30.54426502,-0.0356473906310106
30.57764673,-0.029334901007172
30.61102844,-0.0253546714402045
30.64441015,-0.0399783000749068
30.67779186,-0.00756810306669261
30.71117357,-0.0863727629041214
30.74455528,0.235893099803818
30.77793699,-0.279668054150459
30.8113187,0.0349757796931557
30.84470041,-0.0413550826271288
30.87808212,-0.00879506434273594
30.91146383,-0.0260743648380443
30.94484554,-0.0159972645827538
30.97822726,-0.02186387971256
31.01160897,-0.019079632889107
31.04499068,-0.0188865626659123
31.07837239,-0.022971790397219
31.1117541,-0.0122194436204218
31.14513581,-0.0375303034019612
31.17851752,0.0308740379961689
31.21189923,-0.276986911853613
31.24528094,0.218680089789596
31.27866265,-0.0677457107229915
31.31204436,-0.0336886848595565
31.34542607,0.00348143825802973
31.37880778,-0.117529640831945
31.41218949,0.314406619125765
31.4455712,-0.602107985639046
31.47895291,0.550985254432537
31.51233462,-0.356663079519183
31.54571633,0.0684324128687854
31.57909804,-0.0598421510234488
31.61247975,0.00295435319024318
31.64586146,-0.0343452724289561
31.67924317,-0.00961083065910464
31.71262488,-0.0273162509066669
31.74600659,-0.0138313741036116
31.7793883,-0.0247123075605792
31.81277002,-0.0153888690961545
31.84615173,-0.0239308052674261
31.87953344,-0.0154845495639467
31.91291515,-0.024585652869368
31.94629686,-0.0138050888014868
31.97967857,-0.0279742987409481
32.01306028,-0.00698041020801485
32.04644199,-0.0433481316997982
32.0798237,0.037704435997643
32.11320541,-0.285456006504217
32.14658712,0.229799199860877
32.17996883,-0.0833405493960314
32.21335054,-0.00985972817286885
32.24673225,-0.0378729401042758
32.28011396,-0.0275345567156904
32.31349567,-0.0268746497089692
32.34687738,-0.0386332611364584
32.38025909,-0.00882047330008345
32.4136408,-0.0851437836559355
32.44702251,0.234624055827409
32.48040422,-0.27829531994165
32.51378593,0.0334293620427675
32.54716764,-0.0395506625235897
32.58054935,-0.0109683257416629
32.61393107,-0.023373557202418
32.64731278,-0.0194738998400085
32.68069449,-0.0171827057018359
32.7140762,-0.0257987953153297
32.74745791,-0.00824088769290911
32.78083962,-0.0428507961112315
32.81422133,0.0379053821134623
32.84760304,-0.286358202385207
32.88098475,0.231471927649129
32.91436646,-0.0859339287740199
32.94774817,-0.00607809898670231
32.98112988,-0.0433050129780968
33.01451159,-0.0196302774521503
33.0478933,-0.03881669875246
33.08127501,-0.0193174385682192
33.11465672,-0.0439939624781206
33.14803843,-0.00483589371285429
33.18142014,-0.088238832962948
33.21480185,0.237145374512959
33.24818356,-0.280468353193014
33.28156527,0.0354345209983586
33.31494698,-0.0415541232787406
33.34832869,-0.00878686170057792
33.3817104,-0.0259611811409211
33.41509211,-0.0161455469042042
33.44847383,-0.0218092335681702
33.48185554,-0.018820869060325
33.51523725,-0.0198745997436543
33.54861896,-0.0203856288840216
33.58200067,-0.0184562645289208
33.61538238,-0.0218274557349396
33.64876409,-0.0168184377375109
33.6821458,-0.0238932719533908
33.71552751,-0.013936555464373
33.74890922,-0.028359940369797
33.78229093,-0.00608945467464998
33.81567264,-0.0447645170474797
33.84905435,0.039703031622259
33.88243606,-0.288141499819302
33.91581777,0.233345893533337
33.94919948,-0.0880332544010663
33.98258119,-0.00354593437550953
34.0159629,-0.0466398717297132
34.04934461,-0.0147400159671684
34.08272632,-0.047041280323927
34.11610803,-0.00260175759395789
34.14948974,-0.0900037700152253
34.18287145,0.238624468155492
34.21625316,-0.28176840651527
34.24963487,0.0366232164640604
34.28301659,-0.0426783861130734
34.3163983,-0.00769098957355266
34.34978001,-0.0270597150863615
34.38316172,-0.0150142436493636
34.41654343,-0.0230058149330801
34.44992514,-0.0175206738771186
34.48330685,-0.0213268076660081
34.51668856,-0.0187169358366168
34.55007027,-0.0204313625101048
34.58345198,-0.01941485741174
34.61683369,-0.0198690578730883
34.6502154,-0.0198800214929896
34.68359711,-0.0194767870979794
34.71697882,-0.0202142827925511
34.75036053,-0.0191925120918991
34.78374224,-0.0204507571306446
34.81712395,-0.0190076283927098
34.85050566,-0.0205729118048476
34.88388737,-0.0189697994936719
34.91726908,-0.0204883121379173
34.95065079,-0.0192430358691034
34.9840325,-0.0199091445009764
35.01741421,-0.0203447383356707
35.05079592,-0.0178595104617802
35.08417764,-0.0242524632128482
35.11755935,-0.00989670454480369
35.15094106,-0.0426195706915225
35.18432277,0.0436857764133087
35.21770448,-0.317798132746151
35.25108619,0.454222698016065
35.2844679,-0.246105987815368
35.31784961,-0.276205923908654
35.35123132,0.475496900596564
35.38461303,-0.332331713286262
35.41799474,0.0669127785880079
35.45137645,-0.0779064618494253
35.48475816,0.0583212044491187
35.51813987,-0.288995134196039
35.55152158,0.0955180371712902
35.58490329,-0.480234350287607
35.618285,-0.309598667642383
35.65166671,-0.840202264035198
35.68504842,-1.2263577582463
35.71843013,-1.31858976758694
35.75181184,-1.46588346286577
35.78519355,-4.14368861529703
35.81857526,-1.18160067822247
35.85195697,-1.86593721732407
35.88533868,-1.00235631067413
35.9187204,-2.24989180039875
35.95210211,0.185689493834371
35.98548382,-0.51336247294615
36.01886553,-0.287815703771795
36.05224724,0.579284313500446
36.08562895,-2.35183298855888
36.11901066,2.1863529413492
36.15239237,0.312423918123589
36.18577408,4.46125126780885
36.21915579,-5.00735069480022
36.2525375,0.891967715943136
36.28591921,3.88298270974296
36.31930092,-7.73111428192478
36.35268263,5.12575897516786
36.38606434,-1.69765464378978
36.41944605,1.54473636943674
36.45282776,0.0503250356146763
36.48620947,0.683871513588549
36.51959118,-2.00427608756266
36.55297289,0.787073420651315
36.5863546,1.58871010650798
36.61973631,-4.00909684978113
36.65311802,-0.327931957159338
36.68649973,2.32638447437906
36.71988144,-3.04581737989342
36.75326316,0.565376174835139
36.78664487,0.950817839110707
36.82002658,0.151455085626348
36.85340829,0.407843527085002
36.88679,-1.97032942357239
36.92017171,3.14246419620986
36.95355342,-1.8732001383985
36.98693513,-3.34176804054971
37.02031684,4.51727716800986
37.05369855,-3.06965731917279
37.08708026,1.47478516163218
37.12046197,-1.18828174437833
37.15384368,-0.508748006965096
37.18722539,-0.273085755455499
37.2206071,0.0461111806568332
37.25398881,0.268924045349243
37.28737052,0.46640212657024
37.32075223,-0.742420626184019
37.35413394,0.431108745682566
37.38751565,-1.53270531778075
37.42089736,0.179349858936053
37.45427907,-1.04800580589602
37.48766078,-0.278337972467876
37.52104249,-0.127351018936874
37.5544242,0.047014544812294
37.58780592,0.00479283350545925
37.62118763,1.35608427871445
37.65456934,-0.356185015606265
37.68795105,0.213161476318816
37.72133276,0.796823631808107
37.75471447,-2.86642047484071
37.78809618,3.25363671627188
37.82147789,-2.53949242968427
37.8548596,0.0916644364390939
37.88824131,0.657817290442872
37.92162302,-1.13790403778525
37.95500473,-0.976321407994276
37.98838644,0.60636561724722
38.02176815,-0.0165515325877112
38.05514986,-0.199577498348664
38.08853157,0.00375126899287003
38.12191328,-0.270052347991339
38.15529499,0.396124362416024
38.1886767,-0.486081585309208
38.22205841,-0.833226060502532
38.25544012,1.32746750243209
38.28882183,-1.47070651544955
38.32220354,0.657641575816926
38.35558525,-0.688036978012004
38.38896697,-0.736413182101633
38.42234868,1.46736448996373
38.45573039,-0.744224509341776
38.4891121,-0.263979620572878
38.52249381,-0.745674841739859
38.55587552,0.183875389477751
38.58925723,-0.207523396984998
38.62263894,-0.133727322762504
38.65602065,0.286442645676649
38.68940236,-0.349576442862291
38.72278407,0.425700600979435
38.75616578,-0.0802260716152855
38.78954749,-0.130537144759328
38.8229292,0.271453317843202
38.85631091,-1.08193642090285
38.88969262,0.671043701634444
38.92307433,-0.471510751121152
38.95645604,-0.123103897461816
38.98983775,-0.149551975852567
39.02321946,-0.368003534492368
39.05660117,0.546518341210408
39.08998288,-0.741652327343643
39.12336459,-0.70350379390765
39.1567463,0.376197983975339
39.19012801,-0.259782791480288
39.22350973,-0.450239982337394
39.25689144,0.737840520409749
39.29027315,-0.125125703268253
39.32365486,-0.46419225198322
39.35703657,-0.0537876578131645
39.39041828,0.310886029812463
39.42379999,-0.304799358813804
39.4571817,-0.549354980141091
39.49056341,0.498668610726372
39.52394512,-0.321656086373152
39.55732683,-0.425309850236659
39.59070854,0.316969771694377
39.62409025,-0.94390434073017
39.65747196,0.128495262566555
39.69085367,-0.153023150836231
39.72423538,-0.193376639675447
39.75761709,-0.236521280042984
39.7909988,-0.272482620400368
39.82438051,-0.413000644507322
39.85776222,0.655376315532384
39.89114393,0.154574647028094
39.92452564,-1.25262904752994
39.95790735,0.171511046286311
39.99128906,-0.172657296109314
40.02467077,0.0846363564433844
40.05805249,0.328302967851041
40.0914342,0.0132788668517547
40.12481591,0.0619546569129758
40.15819762,-0.126925820870446
40.19157933,-0.0239902415829156
40.22496104,-0.080827631266813
40.25834275,-0.160166068344187
40.29172446,-0.217354723397557
40.32510617,-0.76070029652216
40.35848788,0.632411579564837
40.39186959,-0.916315105271184
40.4252513,0.246338041856253
40.45863301,-0.361706821866268
40.49201472,-0.164379603376411
40.52539643,0.158852224669308
40.55877814,0.10049354203992
40.59215985,-0.493388401445053
40.62554156,0.132189422704882
40.65892327,-0.502661765077144
40.69230498,0.231090850464759
40.72568669,-1.07518991031349
40.7590684,0.762141908179988
40.79245011,-0.758768326477551
40.82583182,0.151333151791645
40.85921353,-0.155544637807027
40.89259525,0.541147177955425
40.92597696,-0.472882637821352
40.95935867,0.567483770189554
40.99274038,-0.306766545875771
41.02612209,0.104981695590873
41.0595038,-0.402228073132964
41.09288551,-0.0586717682402835
41.12626722,-0.542871581870024
41.15964893,-0.130989104497848
41.19303064,-0.026931306026252
41.22641235,0.218052692538832
41.25979406,-0.522715311061757
41.29317577,0.136853314904634
41.32655748,-0.229430393933714
41.35993919,-0.115826695546816
41.3933209,-0.0982955810711219
41.42670261,0.282023138613526
41.46008432,-0.657206952220604
41.49346603,0.369865516271923
41.52684774,-0.172200594545949
41.56022945,0.174880140609508
41.59361116,-0.206321257770463
41.62699287,0.0313692185162563
41.66037458,0.00161139411338712
41.6937563,-0.278392307676769
41.72713801,0.0250959079485089
41.76051972,-0.332547582638093
41.79390143,0.0461222335138361
41.82728314,-0.534955490960581
41.86066485,-0.0124710239506099
41.89404656,-0.0880287522946056
41.92742827,-0.148687094414063
41.96080998,0.538691895881741
41.99419169,0.346266764020859
42.0275734,0.148424667222901
42.06095511,-0.163166877875074
42.09433682,0.20420931830594
42.12771853,-0.0221191433436685
42.16110024,-0.660520927172674
42.19448195,-0.0373164030321843
42.22786366,-0.488365393841418
42.26124537,-0.15459129152793
42.29462708,-0.534411680220291
42.32800879,0.223116091524458
42.3613905,-0.684277980972089
42.39477221,0.278840249240815
42.42815392,-0.175365726826169
42.46153563,0.384804585172352
42.49491734,-0.11241535944874
42.52829906,0.461569748145939
42.56168077,0.365746870284864
42.59506248,0.293358176521643
42.62844419,-0.541697714012891
42.6618259,0.0548609922741586
42.69520761,-0.4503918130488
42.72858932,-0.145194288472014
42.76197103,-0.507083773008722
42.79535274,0.138111202502987
42.82873445,-0.450733719766277
42.86211616,-0.15706268142478
42.89549787,0.0702953469167516
42.92887958,0.29522973578578
42.96226129,0.117192720629559
42.995643,0.537901176158675
43.02902471,-0.295347167587775
43.06240642,0.393069514627212
43.09578813,-0.207960848711158
43.12916984,0.00447942706154702
43.16255155,-0.49961524936176
43.19593326,-0.493334271295593
43.22931497,-0.367485927538373
43.26269668,-0.594533103044562
43.29607839,-0.0486525332800757
43.3294601,-0.277598508137994
43.36284182,-0.0154723505581697
43.39622353,0.433817580125275
43.42960524,-0.194050377128236
43.46298695,0.664209700592214
43.49636866,0.226146100152839
43.52975037,0.216258986258614
43.56313208,0.52361704591967
43.59651379,-0.289583730071075
43.6298955,-0.445447900950171
43.66327721,-0.0479177208251043
43.69665892,-0.402994283301178
43.73004063,-0.389410678840998
43.76342234,-0.112372320402949
43.79680405,-0.618855241886835
43.83018576,0.237381349726162
43.86356747,-0.141656284601481
43.89694918,0.116689361955203
43.93033089,-0.312094747367717
43.9637126,0.799158952894906
43.99709431,0.129186544982527
44.03047602,0.0126721376804823
44.06385773,0.206641978010789
44.09723944,-0.0814139053750363
44.13062115,-0.584727685940085
44.16400287,0.0852399790106682
44.19738458,-0.616133469891426
44.23076629,0.301999152032567
44.264148,-0.368526264743457
44.29752971,0.27843124621587
44.33091142,0.0278660702279284
44.36429313,-0.0878440872781089
44.39767484,0.247848908230229
44.43105655,-0.105550610455322
44.46443826,-0.19156792442182
44.49781997,-0.161119219793527
44.53120168,0.0132547263267266
44.56458339,0.223678835268716
44.5979651,0.186456573446442
44.63134681,0.118096483650623
44.66472852,-0.404977015977306
44.69811023,-0.00408794361021385
44.73149194,-0.743033075789001
44.76487365,0.0293971200020957
44.79825536,-0.637890919565658
44.83163707,0.277844436236854
44.86501878,-0.27664644348822
44.89840049,0.114750900991024
44.9317822,0.26071958297433
44.96516391,0.0463631656615451
44.99854563,1.00232764905135
45.03192734,-0.231640882509814
45.06530905,0.537519538324654
45.09869076,-0.512993380760914
45.13207247,-0.393025701303519
45.16545418,-0.275168611290938
45.19883589,-0.832464246570048
45.2322176,-0.688674776653192
45.26559931,-0.131016345845666
45.29898102,-0.240572345741321
45.33236273,0.394056635440116
45.36574444,0.115534640372272
45.39912615,0.49932194718825
45.43250786,-0.143501974223514
45.46588957,0.518250174674888
45.49927128,0.174108782212329
45.53265299,1.55804142690003
45.5660347,0.843958173137994
45.59941641,2.31274894049232
45.63279812,0.696421089043284
45.66617983,0.718919348502239
45.69956154,2.48511064042615
45.73294325,-1.68087489499732
45.76632496,1.98784001541908
45.79970667,0.283762014492969
45.83308839,0.939479869369223
45.8664701,0.322585828646131
45.89985181,0.771238256386986
45.93323352,-0.0343910886299525
45.96661523,1.68978078876981
45.99999694,-0.731781416444992
46.03337865,0.523275907587347
46.06676036,-1.63808740938071
46.10014207,0.976996681907694
46.13352378,-0.781688662796098
46.16690549,-0.0814760131297368
46.2002872,0.0257142237821287
46.23366891,-0.187745773092633
46.26705062,0.560822510865316
46.30043233,-0.799434948227062
46.33381404,-0.0809374195602298
46.36719575,0.0987689596247258
46.40057746,-0.0746339712055023
46.43395917,-0.649098343972318
46.46734088,0.670636471214222
46.50072259,0.208590912713996
46.5341043,0.981529408186568
46.56748601,-1.26078767814092
46.60086772,1.23120138013286
46.63424943,-1.37675434072994
46.66763115,1.04386116057087
46.70101286,-0.618794564322684
46.73439457,0.734898699273775
46.76777628,-0.383138309192789
46.80115799,0.71487406502579
46.8345397,-0.747618623853634
46.86792141,1.00820747367283
46.90130312,-2.6085786906296
46.93468483,2.04025149889534
46.96806654,-1.19401922834143
47.00144825,0.830057768556826
47.03482996,-0.700480637335217
47.06821167,0.612160235035261
47.10159338,0.737307692911887
47.13497509,-0.37029054870375
47.1683568,0.111833169185483
47.20173851,-0.404156004468477
47.23512022,0.582909912067374
47.26850193,0.00674418427959217
47.30188364,-0.375903774952556
47.33526535,0.708969903960914
47.36864706,-0.564462368307183
47.40202877,-0.196413567981997
47.43541048,0.119374621878108
47.4687922,-0.49929685297869
47.50217391,0.0688186342219149
47.53555562,0.38436931953729
47.56893733,-0.114679328524824
47.60231904,0.114684586773107
47.63570075,0.425995519813963
47.66908246,0.348570554017936
47.70246417,-0.786097160132475
47.73584588,1.17311645374766
47.76922759,-1.57665419858276
47.8026093,1.36395937629652
47.83599101,-1.89609761074455
47.86937272,1.80392347766226
47.90275443,-0.526349272163628
47.93613614,0.357111748467479
47.96951785,-0.186691087273545
48.00289956,-1.10026057632592
48.0362812704058,1.18383283198762
48.0696629808115,-0.216503677756249
48.1030446912173,0.0708675466965434
48.1364264016231,-0.0277356851818287
48.1698081120289,0.0116943773104596
48.2031898224346,-0.00412156273726311
48.2365715328404,0.000449165502947477
48.2699532432462,0.00121573251011604
48.3033349536519,-0.00263008299890882
48.3367166640577,0.00259570081185244
48.3700983744635,-0.00353212922326016
48.4034800848693,0.00289347577827777
48.436861795275,-0.00368108971274137
48.4702435056808,0.00290238283248521
48.5036252160866,-0.00351626608453975
48.5370069264923,0.00286826108052734
48.5703886368981,-0.00321142479070962
48.6037703473039,0.00285428204969307
48.6371520577096,-0.00285985438522953
48.6705337681154,0.00285446647896813
48.7039154785212,-0.00252543159252644
48.737297188927,0.00283953419769578
48.7706788993327,-0.00225382600883677
48.8040606097385,0.0027801367548648
48.8374423201443,-0.00207201165713262
48.87082403055,0.00265950538198942
48.9042057409558,-0.00198635818952803
48.9375874513616,0.00247881032832187
48.9709691617674,-0.00198333372630949
49.0043508721731,0.00225653200222434
49.0377325825789,-0.00203390566207156
49.0711142929847,0.00202318689636222
49.1044960033904,-0.00210098896670854
49.1378777137962,0.00181326262515721
49.171259424202,-0.00214827790130067
49.2046411346078,0.00165656433096975
49.2380228450135,-0.00214841619327837
49.2714045554193,0.00157110758353327
49.3047862658251,-0.00208865949190367
49.3381679762308,0.00155917827624569
49.3715496866366,-0.00197284125920096
49.4049313970424,0.00160733307308996
49.4383131074482,-0.00181937213023958
49.4716948178539,0.00169013870235634
49.5050765282597,-0.00165594515790111
49.5384582386655,0.00177657532854235
49.5718399490712,-0.00151235840596262
49.605221659477,0.00183745610965942
49.6386033698828,-0.00141323677662037
49.6719850802886,0.00185206018694045
49.7053667906943,-0.00137236753718713
49.7387485011001,0.00181245417283069
49.7721302115059,-0.00138989676615724
49.8055119219116,0.00172459996499878
49.8388936323174,-0.0014528970383381
49.8722753427232,0.00160614989438383
49.9056570531289,-0.0015389973955512
49.9390387635347,0.00148161555440931
49.9724204739405,-0.00162206204358678
50.0058021843463,0.00137618013895738
50.039183894752,-0.00167847420143117
50.0725656051578,0.00130967870098761
50.1059473155636,-0.00169251335269027
50.1393290259693,0.00129215341374627
50.1727107363751,-0.00165960525307033
50.2060924467809,0.00132194829052409
50.2394741571867,-0.00158678756170746
50.2728558675924,0.00138666081906713
50.3062375779982,-0.0014904232421734
50.339619288404,0.0014665793193421
50.3730009988097,-0.00139184026675752
50.4063827092155,0.00153966884979251
50.4397644196213,-0.00131202966642206
50.4731461300271,0.00158685205481041
50.5065278404328,-0.00126669773409488
50.5399095508386,0.00159632625214622
50.5732912612444,-0.00126281853476832
50.6066729716501,0.00156594946031606
50.6400546820559,-0.00129742102636793
50.6734363924617,0.00150323228001048
50.7068181028675,-0.00135878151522369
50.7401998132732,0.00142305989647941
50.773581523679,-0.00142961724622248
50.8069632340848,0.00134379648850021
50.8403449444905,-0.00149142659395397
50.8737266548963,0.00128277173016075
50.9071083653021,-0.00152889522537743
50.9404900757078,0.00125224334783522
50.9738717861136,-0.00153332745944496
51.0072534965194,0.00125676161437394
51.0406352069252,-0.00150434486694562
51.0740169173309,0.00129248422392003
51.1073986277367,-0.00144954089132209
51.1407803381425,0.00134850279568617
51.1741620485482,-0.00138227740259681
51.207543758954,0.00140976558547956
51.2409254693598,-0.00131823697201965
51.2743071797656,0.00146082652235499
51.3076888901713,-0.00127160612948556
51.3410706005771,0.00148949563493139
51.3744523109829,-0.00125180691594094
51.4078340213886,0.00148953652188323
51.4412157317944,-0.00126151797110383
51.4745974422002,0.00146182463787705
51.507979152606,-0.00129638488452868
51.5413608630117,0.00141377253207744
51.5747425734175,-0.00134640140329602
51.6081242838233,0.00135724607381093
51.641505994229,-0.00139855071369755
51.6748877046348,0.00130553946102938
51.7082694150406,-0.00144002044172976
51.7416511254464,0.00127016928292047
51.7750328358521,-0.00146120512406524
51.8084145462579,0.00125825156495631
51.8417962566637,-0.00145780022164353
51.8751779670694,0.0012710493481855
51.9085596774752,-0.00143154124544347
51.941941387881,0.00130397271965036
51.9753230982868,-0.00138948339606869
52.0087048086925,0.00134795685459188
52.0420865190983,-0.0013420660368768
52.0754682295041,0.00139182305633793
52.1088499399098,-0.00130047986115331
52.1422316503156,0.00142501662819308
52.1756133607214,-0.0012739922417809
52.2089950711271,0.00144005774741064
52.2423767815329,-0.00126786250430196
52.2757584919387,0.00143414308992108
52.3091402023445,-0.00128230764346399
52.3425219127502,0.00140956467249902
52.375903623156,-0.00131270812755276
52.4092853335618,0.00137290789742867
52.4426670439675,-0.00135094180526132
52.4760487543733,0.00133328011363734
52.5094304647791,-0.00138747410535443
52.5428121751849,0.00130003635236558
52.5761938855906,-0.00141367373693551
52.6095755959964,0.00128056335947315
52.6429573064022,-0.00142379720948028
52.6763390168079,0.00127864057099342
52.7097207272137,-0.00141619196534963
52.7431024376195,0.00129373430371616
52.7764841480252,-0.0013934749328518
52.809865858431,0.00132134349322558
52.8432475688368,-0.00136169694705789
52.8766292792426,0.0013542617155054
52.9100109896483,-0.00132874168825558
52.9433927000541,0.00138441146413325
52.9767744104599,-0.00130237523862401
53.0101561208656,0.00140478956444352
53.0435378312714,-0.00128842329580477
53.0769195416772,0.00141106007417163
53.110301252083,-0.00128949858613674
53.1436829624887,0.00140243775002011
53.1770646728945,-0.00130454985774426
53.2104463833003,0.00138169045186223
53.243828093706,-0.00132929653077947
53.2772098041118,0.00135430505106518
53.3105915145176,-0.00135740130947075
53.3439732249234,0.00132705604158227
53.3773549353291,-0.00138206691338165
53.4107366457349,0.00130634440402834
53.4441183561407,-0.00139765931974468
53.4775000665464,0.00129670952434919
53.5108817769522,-0.0014009740442342
53.544263487358,0.00129985560155948
53.5776451977638,-0.00139186565557782
53.6110269081695,0.00131439536780946
53.6444086185753,-0.0013731249555928
53.6777903289811,0.00133633470287489
53.7111720393868,-0.00134967127694713
53.7445537497926,0.00136014610338644
53.7779354601984,-0.00132728511754935
53.8113171706041,0.00138014814335343
53.8446988810099,-0.00131120300236844
53.8780805914157,0.00139185051697018
53.9114623018215,-0.00130491240026102
53.9448440122272,0.00139294979986568
53.978225722633,-0.0013094201278447
54.0116074330388,0.00138375941649138
54.0449891434445,-0.00132314220093793
54.0783708538503,0.00136700158120574
54.1117525642561,-0.00134240922596354
54.1451342746619,0.00134704287684408
54.1785159850676,-0.00136243682522625
54.2118976954734,0.0013287819182603
54.2452794058792,-0.00137850883045311
54.2786611162849,0.00131646877219235
54.3120428266907,-0.00138708381768419
54.3454245370965,0.00131273753834379
54.3788062475023,-0.00138656842605819
54.412187957908,0.00131806890612961
54.4455696683138,-0.00137759249113504
54.4789513787196,0.00133078717321544
54.5123330891253,-0.00136274674616151
54.5457147995311,0.0013475650471424
54.5790965099369,-0.00134587236825362
54.6124782203427,0.00136429138351492
54.6458599307484,-0.00133109257194945
54.6792416411542,0.00137707899947091
54.71262335156,-0.00132182742913742
54.7460050619657,0.00138316814334705
54.7793867723715,-0.00132002468923961
54.8127684827773,0.00138151828603839
54.846150193183,-0.00132577659938102
54.8795319035888,0.00137296489207261
54.9129136139946,-0.00133739315271825
54.9462953244004,0.00135992655089849
54.9796770348061,-0.00135189113760735
55.0130587452119,0.00134575444582183
55.0464404556177,-0.00136576256200552
55.0798221660234,0.00133389561893903
55.1132038764292,-0.00137582725277857
55.146585586835,0.00132707654264499
55.1799672972408,-0.0013799646109963
55.2133490076465,0.00132669814469415
55.2467307180523,-0.00137755845769179
55.2801124284581,0.001332573868095
55.3134941388638,-0.0013695649496718
55.3468758492696,0.00134305485230897
55.3802575596754,-0.00135820688762902
55.4136392700812,0.001355492936388
55.4470209804869,-0.00134638551723059
55.4804026908927,0.00136691518400561
55.5137844012985,-0.00133696275880638
55.5471661117042,0.00137474030894459
55.58054782211,-0.001332089469345
55.6139295325158,0.00137736620685142
55.6473112429216,-0.00133273550711097
55.6806929533273,0.00137449688748707
55.7140746637331,-0.00133852188376737
55.7474563741389,0.00136714519873024
55.7808380845446,-0.00134787904111711
55.8142197949504,0.00135732730913577
55.8476015053562,-0.00135847728514194
55.880983215762,0.00134753666073694
55.9143649261677,-0.00136781410996027
55.9477466365735,0.0013401325209841
55.9811283469793,-0.00137381211539719
56.014510057385,0.00133679144715725
56.0478917677908,-0.00137528622477508
56.0812734781966,0.00133814756584156
56.1146551886023,-0.00137217691350254
56.1480368990081,0.00134369667407909
56.1814186094139,-0.00136550653331396
56.2148003198197,0.00135197322134615
56.2481820302254,-0.00135708319870731
56.2815637406312,0.00136094453030111
56.314945451037,-0.00134903487432437
56.3483271614427,0.00136851832693896
56.3817088718485,-0.00134329203893166
56.4150905822543,0.001373038300126
56.4484722926601,-0.00134114334228945
56.4818540030658,0.00137365164903435
56.5152357134716,-0.00134296511603629
56.5486174238774,0.00137046865325917
56.5819991342831,-0.00134817950496084
56.6153808446889,0.00136448735801066
56.6487625550947,-0.00135543936284223
56.6821442655005,0.00135731313576771
56.7155259759062,-0.0013629847703222
56.748907686312,0.00135074964976206
56.7822893967178,-0.00136907845807669
56.8156711071235,0.00134636409502924
56.8490528175293,-0.0013724135919489
56.8824345279351,0.00134513037836131
56.9158162383409,-0.00137239934277238
56.9491979487466,0.0013472302408342
56.9825796591524,-0.00136926327783481
57.0159613695582,0.00135205104772475
57.0493430799639,-0.00136395585465153
57.0827247903697,0.00135837069088331
57.1161065007755,-0.0013578896380644
57.1494882111813,0.00136467649116015
57.182869921587,-0.00135258309636695
57.2162516319928,0.00136953616540119
57.2496333423986,-0.00134929771679641
57.2830150528043,0.0013719308643288
57.3163967632101,-0.00134875420581085
57.3497784736159,0.00137147382570681
57.3831601840216,-0.00135099053078108
57.4165418944274,0.00136846903173151
57.4499236048332,-0.00135538795327195
57.483305315239,0.00136380425862354
57.5166870256447,-0.00136085031982697
57.5500687360505,0.00135871217919233
57.5834504464563,-0.00136608655300686
57.616832156862,0.00135446251464577
57.6502138672678,-0.00136992455649686
57.6835955776736,0.00135206123686198
57.7169772880794,-0.0013715810311311
57.7503589984851,0.00135202726822241
57.7837407088909,-0.00137082594445793
57.8171224192967,0.00135429527420463
57.8505041297024,-0.00136800833460019
57.8838858401082,0.00135826097230965
57.917267550514,-0.00136394447759146
57.9506492609197,0.00136295098994375
57.9840309713255,-0.00135970179526283
58.0174126817313,0.00136727090573351
58.0507943921371,-0.00135633471293992
58.0841761025428,0.00137026907907114
58.1175578129486,-0.00135463710937495
58.1509395233544,0.0013713533535607
58.1843212337601,-0.00135496878217775
58.2177029441659,0.00137041203493082
58.2510846545717,-0.00135719298747316
58.2844663649775,0.0013678155695482
58.3178480753832,-0.00136073406704078
58.351229785789,0.0013643046399055
58.3846114961948,-0.00136473544522936
58.4179932066005,0.00136079683859378
58.4513749170063,-0.00136827566069884
58.4847566274121,0.00135816160129147
58.5181383378179,-0.00137058860518478
58.5515200482236,0.00135701800655206
58.5849017586294,-0.00137123590946866
58.6182834690352,0.00135760186910303
58.6516651794409,-0.00137019334712626
58.6850468898467,0.00135972986363682
58.7184286002525,-0.0013678353218209
58.7518103106583,0.00136286415335101
58.785192021064,-0.00136482631070828
58.8185737314698,0.00136625716094032
58.8519554418756,-0.00136194958534851
58.8853371522813,0.00136913829650822
58.9187188626871,-0.00135991674256015
58.9521005730929,0.001370896536782
58.9854822834987,-0.00135920386574912
59.0188639939044,0.00137121608862589
59.0522457043102,-0.00135995152030741
59.085627414716,0.00137013560450249
59.1190091251217,-0.0013619488541274
59.1523908355275,0.00136802092701862
59.1857725459333,-0.00136470123759271
59.2191542563391,0.00136546220825495
59.2525359667448,-0.001367561240427
59.2859176771506,0.00136312349686635
59.3192993875564,-0.00136988886843565
59.3526810979621,0.00136158263504889
59.3860628083679,-0.00137120184084211
59.4194445187737,0.00136119965128661
59.4528262291794,-0.00137128104307827
59.4862079395852,0.00136204316917638
59.519589649991,-0.00137020862697093
59.5529713603968,0.00136388918392957
59.5863530708025,-0.00136833324025106
59.6197347812083,0.00136628878713629
59.6531164916141,-0.00136617430345894
59.6864982020198,0.00136868536512747
59.7198799124256,-0.0013642909904347
59.7532616228314,0.00137055114738926
59.7866433332372,-0.00136314856285529
59.8200250436429,0.0013715099697829
59.8534067540487,-0.00136301365965804
59.8867884644545,0.00137141806034955
59.9201701748602,-0.00136390170729496
59.953551885266,0.00137038598044271
59.9869335956718,-0.00136558616008444
60.0203153060775,0.00136873957116141
60.0536970164833,-0.0013676642284096
60.0870787268891,0.00136693222308228
60.1204604372949,-0.00136966072771807
60.1538421477006,0.00136543161475174
60.1872238581064,-0.00137114364968276
60.2206055685122,0.00136460889042432
60.2539872789179,-0.00137182364859744
60.2873689893237,0.00136465623928473
60.3207506997295,-0.00137161484799526
60.3541324101353,0.00136555082390908
60.387514120541,-0.00137064463493801
60.4208958309468,0.00136707117442628
60.4542775413526,-0.00136921274968598
60.4876592517583,0.00136885950146319
60.5210409621641,-0.00136771189873564
60.5544226725699,0.00137051290685338
60.5878043829757,-0.00136653055031322
60.6211860933814,0.00137168054026883
60.6545678037872,-0.00136596170735002
60.687949514193,0.00137214352638744
60.7213312245987,-0.00136613882677169
60.7547129350045,0.00137185973007602
60.7880946454103,-0.00136701257923033
60.8214763558161,0.00137096462304322
60.8548580662218,-0.00136837182778783
60.8882397766276,0.00136973029695555
60.9216214870334,-0.00136990162185641
60.9550031974391,0.00136849441556087
60.9883849078449,-0.00137126265807712
61.0217666182507,0.00136757737060739
61.0551483286565,-0.00137217240311886
61.0885300390622,0.00136720774783265
61.121911749468,-0.00137246869676883
61.1552934598738,0.00136747322257958
61.1886751702795,-0.00137214176031012
61.2220568806853,0.00136830714174174
61.2554385910911,-0.00137132869414967
61.2888203014968,0.0013695121224229
61.3222020119026,-0.00137027368146031
61.3555837223084,0.0013708132157714
61.3889654327142,-0.00136926502292215
61.4223471431199,0.00137192660640411
61.4557288535257,-0.00136856501181683
61.4891105639315,0.00137262687961071
61.5224922743372,-0.00136834952371987
61.555873984743,0.00137279709463292
61.5892556951488,-0.00136867104388244
61.6226374055546,0.00137245075760827
61.6560191159603,-0.00136945263521242
61.6894008263661,0.00137172196120558
61.7227825367719,-0.00137051268145343
61.7561642471776,0.00137082764288729
61.7895459575834,-0.00137161300463819
61.8229276679892,0.001370012274804
61.856309378395,-0.00137251783210445
61.8896910888007,0.00136948890527815
61.9230727992065,-0.00137304917639489
61.9564545096123,0.00136939061799805
61.989836220018,-0.00137312577517114
62.0232179304238,0.00136974330173814
62.0565996408296,-0.00137277726672583
62.0899813512354,0.00137046504897979
62.1233630616411,-0.00137213153303591
62.1567447720469,0.00137139096089713
62.1901264824527,-0.00137137956407811
62.2235081928584,0.0013723162177194
62.2568899032642,-0.00137072726639402
62.29027161367,0.00137304634021247
62.3236533240757,-0.00137034622898124
62.3570350344815,0.00137344244181276
62.3904167448873,-0.00137033508969055
62.4237984552931,0.0013734510758135
62.4571801656988,-0.00137070005371093
62.4905618761046,0.00137311244052346
62.5239435865104,-0.00137135816885544
62.5573252969161,0.00137254611972577
62.5907070073219,-0.00137216142083299
62.6240887177277,0.00137191886585402
62.6574704281335,-0.00137293490975986
62.6908521385392,0.00137140292993765
62.724233848945,-0.00137351939980323
62.7576155593508,0.00137113523176204
62.7909972697565,-0.00137380800137701
62.8243789801623,0.00137118693861127
62.8577606905681,-0.00137376865158881
62.8911424009739,0.00137155008071772
62.9245241113796,-0.00137344782839265
62.9579058217854,0.00137214348126462
62.9912875321912,-0.00137295558559252
63.0246692425969,0.0013728356156448
63.0580509530027,-0.00137243638828841
63.0914326634085,0.00137347815130831
63.1248143738143,-0.00137203334179781
63.15819608422,0.00137394172601989
63.1915777946258,-0.00137185457297342
63.2249595050316,0.00137414542710979
63.2583412154373,-0.00137194956756452
63.2917229258431,0.00137407335524075
63.3251046362489,-0.00137230052392305
63.3584863466547,0.00137377503495647
63.3918680570604,-0.00137282998900459
63.4252497674662,0.00137335040304105
63.458631477872,-0.00137342214500777
63.4920131882777,0.00137292369835816
63.5253948986835,-0.00137395203642289
63.5587766090893,0.00137261296829215
63.592158319495,-0.00137431545041908
63.6255400299008,0.00137250259449741
63.6589217403066,-0.00137445238334264
63.6923034507124,0.00137262515080299
63.7256851611181,-0.00137435889757506
63.7590668715239,0.00137295638586932
63.7924485819297,-0.00137408517257913
63.8258302923354,0.00137342383927994
63.8592120027412,-0.00137372091594784
63.892593713147,0.00137392636434022
63.9259754235528,-0.00137337221636299
63.9593571339585,0.00137435940299544
63.9927388443643,-0.00137313572574106
64.0261205547701,0.00137463976857509
64.0595022651758,-0.00137307638486047
64.0928839755816,0.00137472412732059
64.1262656859874,-0.00137321375446575
64.1596473963932,0.00137461715109728
64.1930291067989,-0.00137351972850051
64.2264108172047,0.00137436795101196
64.2597925276105,-0.00137392758469382
64.2931742380162,0.00137405623192451
64.326555948422,-0.00137434966110919
64.3599376588278,0.00137377195358745
64.3933193692336,-0.00137469905549969
64.4267010796393,0.00137359361876908
64.4600827900451,-0.00137491003323325
64.4934645004509,0.00137357036975484
64.5268462108566,-0.00137495240580037
64.5602279212624,0.00137371191247935
64.5936096316682,-0.0013748368039242
64.6269913420739,0.00137398823908162
64.6603730524797,-0.00137461007025262
64.6937547628855,0.00137433871210379
64.7271364732913,-0.00137434236242708
64.760518183697,0.00137468789218013
64.7938998941028,-0.00137410942678593
64.8272816045086,0.00137496403760708
64.8606633149143,-0.00137397446296767
64.8940450253201,0.00137511578404165
64.9274267357259,-0.00137397386924998
64.9608084461317,0.00137512317076049
64.9941901565374,-0.00137411002505436
65.0275718669432,0.00137500070727819
65.060953577349,-0.00137435244909139
65.0943352877547,0.00137479216610456
65.1277169981605,-0.00137464663101946
65.1610987085663,0.00137455875076375
65.194480418972,-0.00137492806418519
65.2278621293778,0.00137436376357526
65.2612438397836,-0.00137513790927609
65.2946255501894,0.0013742575612369
65.3280072605951,-0.00137523651769482
65.3613889710009,0.00137426632464863
65.3947706814067,-0.00137521174033052
65.4281523918124,0.00137438709050927
65.4615341022182,-0.00137508033228891
65.494915812624,0.00137458989289674
65.5282975230298,-0.00137488247613929
65.5616792334355,0.0013748261458105
65.5950609438413,-0.00137467106438956
65.6284426542471,0.00137504097261831
65.6618243646528,-0.00137449853194074
65.6952060750586,0.00137518637711014
65.7285877854644,-0.00137440446252203
65.7619694958702,0.00137523211108798
65.7953512062759,-0.00137440684555266
65.8287329166817,0.00137517179695724
65.8621146270875,-0.00137449885324623
65.8954963374932,0.00137502310549607
65.928878047899,-0.00137465161183268
65.9622597583048,0.00137482224935535
65.9956414687106,-0.00137482200536457
66.0290231791163,0.0013746143775487
66.0624048895221,-0.00137496341458928
66.0957865999279,0.00137444233892746
66.1291683103336,-0.00137503670931858
66.1625500207394,0.001374336540006
66.1959317311452,-0.00137501888983394
66.229313441551,0.00137430822406789
66.2626951519567,-0.00137490745864711
66.2960768623625,0.00137434757312912
66.3294585727683,-0.00137471970641382
66.362840283174,0.00137442682590745
66.3962219935798,-0.00137448733310125
66.4296037039856,0.00137450741243535
66.4629854143914,-0.00137424790051004
66.4963671247971,0.00137454920997391
66.5297488352029,-0.00137403527877305
66.5631305456087,0.00137451961905199
66.5965122560144,-0.0013738713723263
66.6298939664202,0.00137440031578733
66.663275676826,-0.00137376098850312
66.6966573872317,0.00137419018801838
66.7300390976375,-0.00137369087069585
66.7634208080433,0.00137390393114409
66.7968025184491,-0.00137363287767049
66.8301842288548,0.00137356681885471
66.8635659392606,-0.0013735503046181
66.8969476496664,0.00137320702530278
66.9303293600721,-0.00137340563862254
66.9637110704779,0.00137284736348604
66.9970927808837,-0.00137316776948448
67.0304744912895,0.0013724983204744
67.0638562016952,-0.00137281687561845
67.097237912101,0.00137215383175338
67.1306196225068,-0.00137234579822926
67.1640013329125,0.00137179046256099
67.1973830433183,-0.00137175753616177
67.2307647537241,0.0013713697442486
67.2641464641299,-0.00137105932199917
67.2975281745356,0.00137084255357631
67.3309098849414,-0.00137025435710197
67.3642915953472,0.00137015379119536
67.3976733057529,-0.00136933251411305
67.4310550161587,0.00136924529360538
67.4644367265645,-0.00136826104905281
67.4978184369702,0.00136805485491212
67.531200147376,-0.00136697554352148
67.5645818577818,0.00136650923710632
67.5979635681876,-0.00136536985225464
67.6313452785933,0.00136450868608991
67.6647269889991,-0.00136328151971636
67.6981086994049,0.0013618989394649
67.7314904098106,-0.00136046517036533
67.7648721202164,0.00135842232847819
67.7982538306222,-0.00135653849669702
67.831635541028,0.00135362826681372
67.8650172514337,-0.00135086714675989
67.8983989618395,0.00134669383202966
67.9317806722453,-0.0013423061402124
67.965162382651,0.0013360211694683
67.9985440930568,-0.00132856836536751
68.0319258034626,0.00131820719164961
68.0653075138684,-0.00130447267609571
68.0986892242741,0.00128493396447326
68.1320709346799,-0.00125607908439992
68.1654526450857,0.00121113035096133
68.1988343554914,-0.00113448312963483
68.2322160658972,0.000989495927458598
68.265597776303,-0.000660633514038643
68.2989794867087,-0.000345680263070647
68.3323611971145,0.0064063650437581
