time,theta_deg
0,-0.0121225993843672
0.0333817104044057,-0.0121225993843672
0.0667634208088114,-0.0121225993843672
0.100145131213217,-0.00834512581814759
0.133526841617623,-0.0121225993843672
0.166908552022028,-0.0121225993843672
0.200290262426434,-0.0121225993843672
0.23367197283084,-0.00834512581814759
0.267053683235246,-0.00834512581814759
0.300435393639651,-0.0045677771267705
0.333817104044057,-0.00834512581814759
0.367198814448463,-0.00834512581814759
0.400580524852868,-0.00834512581814759
0.433962235257274,-0.00834512581814759
0.46734394566168,-0.00834512581814759
0.500725656066086,-0.00834512581814759
0.534107366470491,-0.00834512581814759
0.567489076874897,-0.0121225993843672
0.600870787279303,-0.0121225993843672
0.634252497683708,-0.0121225993843672
0.667634208088114,-0.0121225993843672
0.70101591849252,-0.0121225993843672
0.734397628896925,-0.00834512581814759
0.767779339301331,-0.00834512581814759
0.801161049705737,-0.00834512581814759
0.834542760110143,-0.00834512581814759
0.867924470514548,-0.00834512581814759
0.901306180918954,-0.00834512581814759
0.934687891323359,-0.00834512581814759
0.968069601727765,-0.00834512581814759
1.00145131213217,-0.00834512581814759
1.03483302253658,-0.00834512581814759
1.06821473294098,-0.0121225993843672
1.10159644334539,-0.0121225993843672
1.13497815374979,-0.0121225993843672
1.1683598641542,-0.0121225993843672
1.20174157455861,-0.0121225993843672
1.23512328496301,-0.0121225993843672
1.26850499536742,-0.0121225993843672
1.30188670577182,-0.0121225993843672
1.33526841617623,-0.00834512581814759
1.36865012658063,-0.00834512581814759
1.40203183698504,-0.00834512581814759
1.43541354738944,-0.00834512581814759
1.46879525779385,-0.00834512581814759
1.50217696819826,-0.00834512581814759
1.53555867860266,-0.00834512581814759
1.56894038900707,-0.00834512581814759
1.60232209941147,-0.0045677771267705
1.63570380981588,-0.00834512581814759
1.66908552022029,-0.0045677771267705
1.70246723062469,-0.00834512581814759
1.7358489410291,-0.00834512581814759
1.7692306514335,-0.00834512581814759
1.80261236183791,-0.00834512581814759
1.83599407224231,-0.00834512581814759
1.86937578264672,-0.00834512581814759
1.90275749305112,-0.00834512581814759
1.93613920345553,-0.00834512581814759
1.96952091385994,-0.00834512581814759
2.00290262426434,-0.00834512581814759
2.03628433466875,-0.00834512581814759
2.06966604507315,-0.00834512581814759
2.10304775547756,-0.0045677771267705
2.13642946588196,-0.00834512581814759
2.16981117628637,-0.00834512581814759
2.20319288669078,-0.00834512581814759
2.23657459709518,-0.00834512581814759
2.26995630749959,-0.00834512581814759
2.30333801790399,-0.0121225993843672
2.3367197283084,-0.00834512581814759
2.3701014387128,-0.00834512581814759
2.40348314911721,-0.00834512581814759
2.43686485952162,-0.00834512581814759
2.47024656992602,-0.00834512581814759
2.50362828033043,-0.00834512581814759
2.53700999073483,-0.00834512581814759
2.57039170113924,-0.0121225993843672
2.60377341154364,-0.00834512581814759
2.63715512194805,-0.00834512581814759
2.67053683235246,-0.0121225993843672
2.70391854275686,-0.0045677771267705
2.73730025316127,-0.00834512581814759
2.77068196356567,-0.0121225993843672
2.80406367397008,-0.0121225993843672
2.83744538437448,-0.0121225993843672
2.87082709477889,-0.0121225993843672
2.9042088051833,-0.0121225993843672
2.9375905155877,-0.0121225993843672
2.97097222599211,-0.0121225993843672
3.00435393639651,-0.0121225993843672
3.03773564680092,-0.0121225993843672
3.07111735720532,-0.0121225993843672
3.10449906760973,-0.0121225993843672
3.13788077801414,-0.00834512581814759
3.17126248841854,-0.00834512581814759
3.20464419882295,-0.00834512581814759
3.23802590922735,-0.0045677771267705
3.27140761963176,-0.0045677771267705
3.30478933003616,-0.0045677771267705
3.33817104044057,-0.00834512581814759
3.37155275084498,-0.0045677771267705
3.40493446124938,-0.00834512581814759
3.43831617165379,-0.00834512581814759
3.47169788205819,-0.0121225993843672
3.5050795924626,-0.0121225993843672
3.538461302867,-0.0121225993843672
3.57184301327141,-0.0121225993843672
3.60522472367582,-0.0121225993843672
3.63860643408022,-0.0121225993843672
3.67198814448463,-0.0121225993843672
3.70536985488903,-0.0121225993843672
3.73875156529344,-0.00834512581814759
3.77213327569784,-0.00834512581814759
3.80551498610225,-0.00834512581814759
3.83889669650666,-0.00834512581814759
3.87227840691106,-0.00834512581814759
3.90566011731547,-0.0045677771267705
3.93904182771987,-0.0045677771267705
3.97242353812428,-0.0045677771267705
4.00580524852868,-0.0045677771267705
4.03918695893309,-0.00834512581814759
4.0725686693375,-0.00834512581814759
4.1059503797419,-0.0121225993843672
4.13933209014631,-0.0121225993843672
4.17271380055071,-0.0121225993843672
4.20609551095512,-0.0121225993843672
4.23947722135952,-0.0121225993843672
4.27285893176393,-0.0121225993843672
4.30624064216834,-0.0121225993843672
4.33962235257274,-0.00834512581814759
4.37300406297715,-0.0121225993843672
4.40638577338155,-0.0121225993843672
4.43976748378596,-0.00834512581814759
4.47314919419036,-0.00834512581814759
4.50653090459477,-0.00834512581814759
4.53991261499917,-0.00834512581814759
4.57329432540358,-0.00834512581814759
4.60667603580799,-0.00834512581814759
4.64005774621239,-0.00834512581814759
4.6734394566168,-0.00834512581814759
4.7068211670212,-0.00834512581814759
4.74020287742561,-0.00834512581814759
4.77358458783002,-0.00834512581814759
4.80696629823442,-0.0121225993843672
4.84034800863883,-0.00834512581814759
4.87372971904323,-0.00834512581814759
4.90711142944764,-0.00834512581814759
4.94049313985204,-0.00834512581814759
4.97387485025645,-0.00834512581814759
5.00725656066085,-0.00834512581814759
5.04063827106526,-0.00834512581814759
5.07401998146967,-0.00834512581814759
5.10740169187407,-0.00834512581814759
5.14078340227848,-0.00834512581814759
5.17416511268288,-0.00834512581814759
5.20754682308729,-0.00834512581814759
5.24092853349169,-0.00834512581814759
5.2743102438961,-0.00834512581814759
5.30769195430051,-0.00834512581814759
5.34107366470491,-0.00834512581814759
5.37445537510932,-0.0121225993843672
5.40783708551372,-0.0121225993843672
5.44121879591813,-0.0121225993843672
5.47460050632253,-0.0121225993843672
5.50798221672694,-0.0121225993843672
5.54136392713135,-0.0121225993843672
5.57474563753575,-0.00834512581814759
5.60812734794016,-0.0045677771267705
5.64150905834456,-0.0045677771267705
5.67489076874897,-0.0045677771267705
5.70827247915337,-0.00834512581814759
5.74165418955778,-0.00834512581814759
5.77503589996219,-0.0045677771267705
5.80841761036659,-0.0045677771267705
5.841799320771,-0.00834512581814759
5.8751810311754,-0.00834512581814759
5.90856274157981,-0.0121225993843672
5.94194445198421,-0.0121225993843672
5.97532616238862,-0.00834512581814759
6.00870787279303,-0.00834512581814759
6.04208958319743,-0.00834512581814759
6.07547129360184,-0.00834512581814759
6.10885300400624,-0.00834512581814759
6.14223471441065,-0.00834512581814759
6.17561642481505,-0.00834512581814759
6.20899813521946,-0.0045677771267705
6.24237984562387,-0.00834512581814759
6.27576155602827,-0.00834512581814759
6.30914326643268,-0.00834512581814759
6.34252497683708,-0.00834512581814759
6.37590668724149,-0.00834512581814759
6.40928839764589,-0.00834512581814759
6.4426701080503,-0.00834512581814759
6.4760518184547,-0.00834512581814759
6.50943352885911,-0.00834512581814759
6.54281523926352,-0.00834512581814759
6.57619694966792,-0.00834512581814759
6.60957866007233,-0.00834512581814759
6.64296037047673,-0.00834512581814759
6.67634208088114,-0.00834512581814759
6.70972379128554,-0.00834512581814759
6.74310550168995,-0.00834512581814759
6.77648721209436,-0.00834512581814759
6.80986892249876,-0.00834512581814759
6.84325063290317,-0.00834512581814759
6.87663234330757,-0.00834512581814759
6.91001405371198,-0.00834512581814759
6.94339576411639,-0.00834512581814759
6.97677747452079,-0.00834512581814759
7.0101591849252,-0.00834512581814759
7.0435408953296,-0.00834512581814759
7.07692260573401,-0.00834512581814759
7.11030431613841,-0.0121225993843672
7.14368602654282,-0.00834512581814759
7.17706773694723,-0.00834512581814759
7.21044944735163,-0.00834512581814759
7.24383115775604,-0.0121225993843672
7.27721286816044,-0.00834512581814759
7.31059457856485,-0.00834512581814759
7.34397628896925,-0.00834512581814759
7.37735799937366,-0.00834512581814759
7.41073970977806,-0.0045677771267705
7.44412142018247,-0.00834512581814759
7.47750313058688,-0.00834512581814759
7.51088484099128,-0.00834512581814759
7.54426655139569,-0.00834512581814759
7.57764826180009,-0.00834512581814759
7.6110299722045,-0.00834512581814759
7.64441168260891,-0.00834512581814759
7.67779339301331,-0.00834512581814759
7.71117510341772,-0.00834512581814759
7.74455681382212,-0.0121225993843672
7.77793852422653,-0.0121225993843672
7.81132023463093,-0.0121225993843672
7.84470194503534,-0.0121225993843672
7.87808365543974,-0.0121225993843672
7.91146536584415,-0.00834512581814759
7.94484707624856,-0.0121225993843672
7.97822878665296,-0.0121225993843672
8.01161049705737,-0.0121225993843672
8.04499220746177,-0.00834512581814759
8.07837391786618,-0.00834512581814759
8.11175562827058,-0.00834512581814759
8.14513733867499,-0.00834512581814759
8.1785190490794,-0.00834512581814759
8.2119007594838,-0.00834512581814759
8.24528246988821,-0.00834512581814759
8.27866418029261,-0.00834512581814759
8.31204589069702,-0.00834512581814759
8.34542760110142,-0.00834512581814759
8.37880931150583,-0.00834512581814759
8.41219102191024,-0.00834512581814759
8.44557273231464,-0.00834512581814759
8.47895444271905,-0.00834512581814759
8.51233615312345,-0.00834512581814759
8.54571786352786,-0.00834512581814759
8.57909957393226,-0.00834512581814759
8.61248128433667,-0.00834512581814759
8.64586299474107,-0.00834512581814759
8.67924470514548,-0.00834512581814759
8.71262641554989,-0.00834512581814759
8.74600812595429,-0.0121225993843672
8.7793898363587,-0.00834512581814759
8.8127715467631,-0.0121225993843672
8.84615325716751,-0.0121225993843672
8.87953496757192,-0.00834512581814759
8.91291667797632,-0.0121225993843672
8.94629838838073,-0.0121225993843672
8.97968009878513,-0.0121225993843672
9.01306180918954,-0.0121225993843672
9.04644351959394,-0.0121225993843672
9.07982522999835,-0.00834512581814759
9.11320694040276,-0.00834512581814759
9.14658865080716,-0.00834512581814759
9.17997036121157,-0.00834512581814759
9.21335207161597,-0.00834512581814759
9.24673378202038,-0.0045677771267705
9.28011549242478,-0.0045677771267705
9.31349720282919,-0.0045677771267705
9.3468789132336,-0.00834512581814759
9.380260623638,-0.00834512581814759
9.41364233404241,-0.00834512581814759
9.44702404444681,-0.00834512581814759
9.48040575485122,-0.00834512581814759
9.51378746525562,-0.00834512581814759
9.54716917566003,-0.00834512581814759
9.58055088606443,-0.00834512581814759
9.61393259646884,-0.00834512581814759
9.64731430687325,-0.00834512581814759
9.68069601727765,-0.00834512581814759
9.71407772768206,-0.00834512581814759
9.74745943808646,-0.00834512581814759
9.78084114849087,-0.00834512581814759
9.81422285889527,-0.00834512581814759
9.84760456929968,-0.00834512581814759
9.88098627970409,-0.00834512581814759
9.91436799010849,-0.00834512581814759
9.9477497005129,-0.00834512581814759
9.9811314109173,-0.00834512581814759
10.0145131213217,-0.00834512581814759
10.0478948317261,-0.00834512581814759
10.0812765421305,-0.00834512581814759
10.1146582525349,-0.00834512581814759
10.1480399629393,-0.00834512581814759
10.1814216733437,-0.00834512581814759
10.2148033837481,-0.0121225993843672
10.2481850941525,-0.0121225993843672
10.281566804557,-0.0121225993843672
10.3149485149614,-0.0121225993843672
10.3483302253658,-0.0121225993843672
10.3817119357702,-0.0121225993843672
10.4150936461746,-0.00834512581814759
10.448475356579,-0.00834512581814759
10.4818570669834,-0.00834512581814759
10.5152387773878,-0.00834512581814759
10.5486204877922,-0.00834512581814759
10.5820021981966,-0.00834512581814759
10.615383908601,-0.0121225993843672
10.6487656190054,-0.0121225993843672
10.6821473294098,-0.0121225993843672
10.7155290398142,-0.0121225993843672
10.7489107502186,-0.0121225993843672
10.782292460623,-0.00834512581814759
10.8156741710274,-0.00834512581814759
10.8490558814319,-0.00834512581814759
10.8824375918363,-0.00834512581814759
10.9158193022407,-0.00834512581814759
10.9492010126451,-0.00834512581814759
10.9825827230495,-0.00834512581814759
11.0159644334539,-0.0045677771267705
11.0493461438583,-0.0045677771267705
11.0827278542627,-0.0045677771267705
11.1161095646671,-0.0045677771267705
11.1494912750715,-0.0045677771267705
11.1828729854759,-0.00834512581814759
11.2162546958803,-0.00834512581814759
11.2496364062847,-0.00834512581814759
11.2830181166891,-0.00834512581814759
11.3163998270935,-0.00834512581814759
11.3497815374979,-0.00834512581814759
11.3831632479023,-0.00834512581814759
11.4165449583067,-0.00834512581814759
11.4499266687112,-0.00834512581814759
11.4833083791156,-0.00834512581814759
11.51669008952,-0.00834512581814759
11.5500717999244,-0.0045677771267705
11.5834535103288,-0.00834512581814759
11.6168352207332,-0.00834512581814759
11.6502169311376,-0.00834512581814759
11.683598641542,-0.0045677771267705
11.7169803519464,-0.0045677771267705
11.7503620623508,-0.00834512581814759
11.7837437727552,-0.00834512581814759
11.8171254831596,-0.00834512581814759
11.850507193564,-0.00834512581814759
11.8838889039684,-0.00834512581814759
11.9172706143728,-0.00834512581814759
11.9506523247772,-0.00834512581814759
11.9840340351816,-0.00834512581814759
12.0174157455861,-0.0121225993843672
12.0507974559905,-0.00834512581814759
12.0841791663949,-0.00834512581814759
12.1175608767993,-0.0045677771267705
12.1509425872037,-0.00834512581814759
12.1843242976081,-0.00834512581814759
12.2177060080125,-0.0045677771267705
12.2510877184169,-0.00834512581814759
12.2844694288213,-0.00834512581814759
12.3178511392257,-0.00834512581814759
12.3512328496301,-0.00834512581814759
12.3846145600345,-0.00834512581814759
12.4179962704389,-0.00834512581814759
12.4513779808433,-0.00834512581814759
12.4847596912477,-0.00834512581814759
12.5181414016521,-0.00834512581814759
12.5515231120565,-0.00834512581814759
12.5849048224609,-0.00834512581814759
12.6182865328654,-0.00834512581814759
12.6516682432698,-0.00834512581814759
12.6850499536742,-0.00834512581814759
12.7184316640786,-0.0045677771267705
12.751813374483,-0.00834512581814759
12.7851950848874,-0.00834512581814759
12.8185767952918,-0.0045677771267705
12.8519585056962,-0.0045677771267705
12.8853402161006,-0.0045677771267705
12.918721926505,-0.0045677771267705
12.9521036369094,-0.00834512581814759
12.9854853473138,-0.00834512581814759
13.0188670577182,-0.00834512581814759
13.0522487681226,-0.00834512581814759
13.085630478527,-0.00834512581814759
13.1190121889314,-0.00834512581814759
13.1523938993358,-0.00834512581814759
13.1857756097403,-0.00834512581814759
13.2191573201447,-0.00834512581814759
13.2525390305491,-0.00834512581814759
13.2859207409535,-0.00834512581814759
13.3193024513579,-0.00834512581814759
13.3526841617623,-0.00834512581814759
13.3860658721667,-0.00834512581814759
13.4194475825711,-0.00834512581814759
13.4528292929755,-0.00834512581814759
13.4862110033799,-0.00834512581814759
13.5195927137843,-0.00834512581814759
13.5529744241887,-0.00834512581814759
13.5863561345931,-0.00834512581814759
13.6197378449975,-0.0045677771267705
13.6531195554019,-0.0045677771267705
13.6865012658063,-0.00834512581814759
13.7198829762107,-0.00834512581814759
13.7532646866151,-0.00834512581814759
13.7866463970196,-0.00834512581814759
13.820028107424,-0.00834512581814759
13.8534098178284,-0.00834512581814759
13.8867915282328,-0.0045677771267705
13.9201732386372,-0.00834512581814759
13.9535549490416,-0.00834512581814759
13.986936659446,-0.00834512581814759
14.0203183698504,-0.00834512581814759
14.0537000802548,-0.00834512581814759
14.0870817906592,-0.0045677771267705
14.1204635010636,-0.0045677771267705
14.153845211468,-0.00834512581814759
14.1872269218724,-0.00834512581814759
14.2206086322768,-0.00834512581814759
14.2539903426812,-0.0121225993843672
14.2873720530856,-0.0121225993843672
14.32075376349,-0.0121225993843672
14.3541354738945,-0.00834512581814759
14.3875171842989,-0.00834512581814759
14.4208988947033,-0.00834512581814759
14.4542806051077,-0.00834512581814759
14.4876623155121,-0.00834512581814759
14.5210440259165,-0.00834512581814759
14.5544257363209,-0.00834512581814759
14.5878074467253,-0.00834512581814759
14.6211891571297,-0.0045677771267705
14.6545708675341,-0.0045677771267705
14.6879525779385,-0.00834512581814759
14.7213342883429,-0.00834512581814759
14.7547159987473,-0.00834512581814759
14.7880977091517,-0.00834512581814759
14.8214794195561,-0.00834512581814759
14.8548611299605,-0.00834512581814759
14.8882428403649,-0.00834512581814759
14.9216245507693,-0.00834512581814759
14.9550062611738,-0.00834512581814759
14.9883879715782,-0.00834512581814759
15.0217696819826,-0.0121225993843672
15.055151392387,-0.00834512581814759
15.0885331027914,-0.00834512581814759
15.1219148131958,-0.0045677771267705
15.1552965236002,-0.0045677771267705
15.1886782340046,-0.0045677771267705
15.222059944409,-0.0045677771267705
15.2554416548134,-0.0045677771267705
15.2888233652178,-0.0045677771267705
15.3222050756222,-0.0045677771267705
15.3555867860266,-0.0045677771267705
15.388968496431,-0.0045677771267705
15.4223502068354,-0.0045677771267705
15.4557319172398,-0.00834512581814759
15.4891136276442,-0.00834512581814759
15.5224953380486,-0.00834512581814759
15.5558770484531,-0.00834512581814759
15.5892587588575,-0.00834512581814759
15.6226404692619,-0.0121225993843672
15.6560221796663,-0.00834512581814759
15.6894038900707,-0.00834512581814759
15.7227856004751,-0.0045677771267705
15.7561673108795,-0.00834512581814759
15.7895490212839,-0.00834512581814759
15.8229307316883,-0.00834512581814759
15.8563124420927,-0.00834512581814759
15.8896941524971,-0.00834512581814759
15.9230758629015,-0.0045677771267705
15.9564575733059,-0.0045677771267705
15.9898392837103,-0.0045677771267705
16.0232209941147,-0.0045677771267705
16.0566027045191,-0.00834512581814759
16.0899844149235,-0.00834512581814759
16.123366125328,-0.0121225993843672
16.1567478357324,-0.0121225993843672
16.1901295461368,-0.0121225993843672
16.2235112565412,-0.00834512581814759
16.2568929669456,-0.00834512581814759
16.29027467735,-0.00834512581814759
16.3236563877544,-0.00834512581814759
16.3570380981588,-0.00834512581814759
16.3904198085632,-0.00834512581814759
16.4238015189676,-0.00834512581814759
16.457183229372,-0.00834512581814759
16.4905649397764,-0.00834512581814759
16.5239466501808,-0.00834512581814759
16.5573283605852,-0.0045677771267705
16.5907100709896,-0.0045677771267705
16.624091781394,-0.0045677771267705
16.6574734917984,-0.00834512581814759
16.6908552022028,-0.00834512581814759
16.7242369126073,-0.00834512581814759
16.7576186230117,-0.00834512581814759
16.7910003334161,-0.00834512581814759
16.8243820438205,-0.00834512581814759
16.8577637542249,-0.00834512581814759
16.8911454646293,-0.0121225993843672
16.9245271750337,-0.0121225993843672
16.9579088854381,-0.00834512581814759
16.9912905958425,-0.00834512581814759
17.0246723062469,-0.00834512581814759
17.0580540166513,-0.00834512581814759
17.0914357270557,-0.00834512581814759
17.1248174374601,-0.00834512581814759
17.1581991478645,-0.00834512581814759
17.1915808582689,-0.00834512581814759
17.2249625686733,-0.00834512581814759
17.2583442790777,-0.00834512581814759
17.2917259894821,-0.00834512581814759
17.3251076998866,-0.00834512581814759
17.358489410291,-0.00834512581814759
17.3918711206954,-0.00834512581814759
17.4252528310998,-0.00834512581814759
17.4586345415042,-0.0045677771267705
17.4920162519086,-0.00834512581814759
17.525397962313,-0.0045677771267705
17.5587796727174,-0.0045677771267705
17.5921613831218,-0.0045677771267705
17.6255430935262,-0.0045677771267705
17.6589248039306,-0.0045677771267705
17.692306514335,-0.0045677771267705
17.7256882247394,-0.0045677771267705
17.7590699351438,-0.0045677771267705
17.7924516455482,-0.00834512581814759
17.8258333559526,-0.00834512581814759
17.859215066357,-0.0045677771267705
17.8925967767615,-0.00834512581814759
17.9259784871659,-0.0045677771267705
17.9593601975703,-0.0045677771267705
17.9927419079747,-0.0045677771267705
18.0261236183791,-0.0045677771267705
18.0595053287835,-0.0045677771267705
18.0928870391879,-0.0045677771267705
18.1262687495923,-0.0045677771267705
18.1596504599967,-0.0045677771267705
18.1930321704011,-0.0045677771267705
18.2264138808055,-0.0045677771267705
18.2597955912099,-0.0045677771267705
18.2931773016143,-0.00834512581814759
18.3265590120187,-0.0045677771267705
18.3599407224231,-0.00834512581814759
18.3933224328275,-0.00834512581814759
18.4267041432319,-0.00834512581814759
18.4600858536364,-0.00834512581814759
18.4934675640408,-0.00834512581814759
18.5268492744452,-0.00834512581814759
18.5602309848496,-0.00834512581814759
18.593612695254,-0.00834512581814759
18.6269944056584,-0.0121225993843672
18.6603761160628,-0.00834512581814759
18.6937578264672,-0.00834512581814759
18.7271395368716,-0.00834512581814759
18.760521247276,-0.00834512581814759
18.7939029576804,-0.00834512581814759
18.8272846680848,-0.00834512581814759
18.8606663784892,-0.0045677771267705
18.8940480888936,-0.0045677771267705
18.927429799298,-0.00834512581814759
18.9608115097024,-0.00834512581814759
18.9941932201068,-0.00834512581814759
19.0275749305112,-0.0045677771267705
19.0609566409157,-0.00834512581814759
19.0943383513201,-0.00834512581814759
19.1277200617245,-0.00834512581814759
19.1611017721289,-0.00834512581814759
19.1944834825333,-0.00834512581814759
19.2278651929377,-0.00834512581814759
19.2612469033421,-0.00834512581814759
19.2946286137465,-0.00834512581814759
19.3280103241509,-0.00834512581814759
19.3613920345553,-0.00834512581814759
19.3947737449597,-0.00834512581814759
19.4281554553641,-0.0045677771267705
19.4615371657685,-0.0045677771267705
19.4949188761729,-0.0045677771267705
19.5283005865773,-0.00834512581814759
19.5616822969817,-0.00834512581814759
19.5950640073861,-0.00834512581814759
19.6284457177905,-0.00834512581814759
19.661827428195,-0.00834512581814759
19.6952091385994,-0.00834512581814759
19.7285908490038,-0.00834512581814759
19.7619725594082,-0.00834512581814759
19.7953542698126,-0.00834512581814759
19.828735980217,-0.00834512581814759
19.8621176906214,-0.00834512581814759
19.8954994010258,-0.00834512581814759
19.9288811114302,-0.00834512581814759
19.9622628218346,-0.00834512581814759
19.995644532239,-0.00834512581814759
20.0290262426434,-0.00834512581814759
20.0624079530478,-0.00834512581814759
20.0957896634522,-0.00834512581814759
20.1291713738566,-0.0045677771267705
20.162553084261,-0.0045677771267705
20.1959347946654,-0.0045677771267705
20.2293165050698,-0.0045677771267705
20.2626982154743,-0.0045677771267705
20.2960799258787,-0.00834512581814759
20.3294616362831,-0.00834512581814759
20.3628433466875,-0.00834512581814759
20.3962250570919,-0.00834512581814759
20.4296067674963,-0.00834512581814759
20.4629884779007,-0.0045677771267705
20.4963701883051,-0.0045677771267705
20.5297518987095,-0.0045677771267705
20.5631336091139,-0.0045677771267705
20.5965153195183,-0.0045677771267705
20.6298970299227,-0.0045677771267705
20.6632787403271,-0.00834512581814759
20.6966604507315,-0.00834512581814759
20.7300421611359,-0.00834512581814759
20.7634238715403,-0.00834512581814759
20.7968055819447,-0.00834512581814759
20.8301872923492,-0.00834512581814759
20.8635690027536,-0.00834512581814759
20.896950713158,-0.00834512581814759
20.9303324235624,-0.00834512581814759
20.9637141339668,-0.0121225993843672
20.9970958443712,-0.00834512581814759
21.0304775547756,-0.00834512581814759
21.06385926518,-0.00834512581814759
21.0972409755844,-0.00834512581814759
21.1306226859888,-0.0045677771267705
21.1640043963932,-0.0045677771267705
21.1973861067976,-0.0045677771267705
21.230767817202,-0.0045677771267705
21.2641495276064,-0.0045677771267705
21.2975312380108,-0.0045677771267705
21.3309129484152,-0.0045677771267705
21.3642946588196,-0.00834512581814759
21.3976763692241,-0.00834512581814759
21.4310580796285,-0.0121225993843672
21.4644397900329,-0.00834512581814759
21.4978215004373,-0.00834512581814759
21.5312032108417,-0.00834512581814759
21.5645849212461,-0.00834512581814759
21.5979666316505,-0.00834512581814759
21.6313483420549,-0.0045677771267705
21.6647300524593,-0.00834512581814759
21.6981117628637,-0.00834512581814759
21.7314934732681,-0.00834512581814759
21.7648751836725,-0.0045677771267705
21.7982568940769,-0.0045677771267705
21.8316386044813,-0.0045677771267705
21.8650203148857,-0.0045677771267705
21.8984020252901,-0.0045677771267705
21.9317837356945,-0.0045677771267705
21.9651654460989,-0.0045677771267705
21.9985471565034,-0.0045677771267705
22.0319288669078,-0.0045677771267705
22.0653105773122,-0.00834512581814759
22.0986922877166,-0.00834512581814759
22.132073998121,-0.00834512581814759
22.1654557085254,-0.00834512581814759
22.1988374189298,-0.00834512581814759
22.2322191293342,-0.0045677771267705
22.2656008397386,-0.0045677771267705
22.298982550143,-0.00834512581814759
22.3323642605474,-0.00834512581814759
22.3657459709518,-0.00834512581814759
22.3991276813562,-0.00834512581814759
22.4325093917606,-0.00834512581814759
22.465891102165,-0.00834512581814759
22.4992728125694,-0.00834512581814759
22.5326545229738,-0.00834512581814759
22.5660362333782,-0.00834512581814759
22.5994179437827,-0.00834512581814759
22.6327996541871,-0.00834512581814759
22.6661813645915,-0.00834512581814759
22.6995630749959,-0.00834512581814759
22.7329447854003,-0.00834512581814759
22.7663264958047,-0.00834512581814759
22.7997082062091,-0.00834512581814759
22.8330899166135,-0.00834512581814759
22.8664716270179,-0.00834512581814759
22.8998533374223,-0.00834512581814759
22.9332350478267,-0.00834512581814759
22.9666167582311,-0.0045677771267705
22.9999984686355,-0.00834512581814759
23.0333801790399,-0.00834512581814759
23.0667618894443,-0.00834512581814759
23.1001435998487,-0.00834512581814759
23.1335253102531,-0.0045677771267705
23.1669070206576,-0.0045677771267705
23.200288731062,-0.0045677771267705
23.2336704414664,-0.00834512581814759
23.2670521518708,-0.00834512581814759
23.3004338622752,-0.00834512581814759
23.3338155726796,-0.00834512581814759
23.367197283084,-0.00834512581814759
23.4005789934884,-0.00834512581814759
23.4339607038928,-0.00834512581814759
23.4673424142972,-0.00834512581814759
23.5007241247016,-0.00834512581814759
23.534105835106,-0.00834512581814759
23.5674875455104,-0.0045677771267705
23.6008692559148,-0.00834512581814759
23.6342509663192,-0.00834512581814759
23.6676326767236,-0.00834512581814759
23.701014387128,-0.00834512581814759
23.7343960975324,-0.00834512581814759
23.7677778079369,-0.00834512581814759
23.8011595183413,-0.00834512581814759
23.8345412287457,-0.00834512581814759
23.8679229391501,-0.00834512581814759
23.9013046495545,-0.00834512581814759
23.9346863599589,-0.00834512581814759
23.9680680703633,-0.00834512581814759
24.0014497807677,-0.00834512581814759
24.0348314911721,-0.00834512581814759
24.0682132015765,-0.00834512581814759
24.1015949119809,-0.00834512581814759
24.1349766223853,-0.0045677771267705
24.1683583327897,-0.0045677771267705
24.2017400431941,-0.0045677771267705
24.2351217535985,-0.0045677771267705
24.2685034640029,-0.00834512581814759
24.3018851744073,-0.00834512581814759
24.3352668848118,-0.00834512581814759
24.3686485952162,-0.0045677771267705
24.4020303056206,-0.00834512581814759
24.435412016025,-0.0045677771267705
24.4687937264294,-0.0045677771267705
24.5021754368338,-0.0045677771267705
24.5355571472382,-0.0045677771267705
24.5689388576426,-0.0045677771267705
24.602320568047,-0.00834512581814759
24.6357022784514,-0.0045677771267705
24.6690839888558,-0.0045677771267705
24.7024656992602,-0.00834512581814759
24.7358474096646,-0.0045677771267705
24.769229120069,-0.0045677771267705
24.8026108304734,-0.0045677771267705
24.8359925408778,-0.0045677771267705
24.8693742512822,-0.0045677771267705
24.9027559616866,-0.0045677771267705
24.9361376720911,-0.0045677771267705
24.9695193824955,-0.00834512581814759
25.0029010928999,-0.00834512581814759
25.0362828033043,-0.00834512581814759
25.0696645137087,-0.00834512581814759
25.1030462241131,-0.00834512581814759
25.1364279345175,-0.00834512581814759
25.1698096449219,-0.0045677771267705
25.2031913553263,-0.0045677771267705
25.2365730657307,-0.00834512581814759
25.2699547761351,-0.0045677771267705
25.3033364865395,-0.0045677771267705
25.3367181969439,-0.0045677771267705
25.3700999073483,-0.0045677771267705
25.4034816177527,-0.0045677771267705
25.4368633281571,-0.0045677771267705
25.4702450385615,-0.0045677771267705
25.503626748966,-0.0045677771267705
25.5370084593704,-0.00834512581814759
25.5703901697748,-0.00834512581814759
25.6037718801792,-0.00834512581814759
25.6371535905836,-0.00834512581814759
25.670535300988,-0.00834512581814759
25.7039170113924,-0.00834512581814759
25.7372987217968,-0.00834512581814759
25.7706804322012,-0.00834512581814759
25.8040621426056,-0.0045677771267705
25.83744385301,-0.00834512581814759
25.8708255634144,-0.00834512581814759
25.9042072738188,-0.00834512581814759
25.9375889842232,-0.0045677771267705
25.9709706946276,-0.00834512581814759
26.004352405032,-0.00834512581814759
26.0377341154364,-0.00834512581814759
26.0711158258408,-0.00834512581814759
26.1044975362453,-0.00834512581814759
26.1378792466497,-0.00834512581814759
26.1712609570541,-0.0045677771267705
26.2046426674585,-0.00834512581814759
26.2380243778629,-0.0045677771267705
26.2714060882673,-0.00834512581814759
26.3047877986717,-0.00834512581814759
26.3381695090761,-0.00834512581814759
26.3715512194805,-0.0121225993843672
26.4049329298849,-0.0121225993843672
26.4383146402893,-0.0121225993843672
26.4716963506937,-0.0121225993843672
26.5050780610981,-0.00834512581814759
26.5384597715025,-0.00834512581814759
26.5718414819069,-0.00834512581814759
26.6052231923113,-0.00834512581814759
26.6386049027157,-0.00834512581814759
26.6719866131202,-0.00834512581814759
26.7053683235246,-0.00834512581814759
26.738750033929,-0.00834512581814759
26.7721317443334,-0.00834512581814759
26.8055134547378,-0.00834512581814759
26.8388951651422,-0.0121225993843672
26.8722768755466,-0.0121225993843672
26.905658585951,-0.0121225993843672
26.9390402963554,-0.0121225993843672
26.9724220067598,-0.0121225993843672
27.0058037171642,-0.00834512581814759
27.0391854275686,-0.0121225993843672
27.072567137973,-0.00834512581814759
27.1059488483774,-0.00834512581814759
27.1393305587818,-0.0045677771267705
27.1727122691862,-0.0045677771267705
27.2060939795906,-0.0045677771267705
27.239475689995,-0.0045677771267705
27.2728574003995,-0.0045677771267705
27.3062391108039,-0.00834512581814759
27.3396208212083,-0.0045677771267705
27.3730025316127,-0.00834512581814759
27.4063842420171,-0.0045677771267705
27.4397659524215,-0.0045677771267705
27.4731476628259,-0.00834512581814759
27.5065293732303,-0.00834512581814759
27.5399110836347,-0.00834512581814759
27.5732927940391,-0.00834512581814759
27.6066745044435,-0.00834512581814759
27.6400562148479,-0.00834512581814759
27.6734379252523,-0.00834512581814759
27.7068196356567,-0.00834512581814759
27.7402013460611,-0.0045677771267705
27.7735830564655,-0.00834512581814759
27.8069647668699,-0.00834512581814759
27.8403464772744,-0.00834512581814759
27.8737281876788,-0.00834512581814759
27.9071098980832,-0.00834512581814759
27.9404916084876,-0.00834512581814759
27.973873318892,-0.00834512581814759
28.0072550292964,-0.00834512581814759
28.0406367397008,-0.00834512581814759
28.0740184501052,-0.00834512581814759
28.1074001605096,-0.00834512581814759
28.140781870914,-0.00834512581814759
28.1741635813184,-0.0121225993843672
28.2075452917228,-0.00834512581814759
28.2409270021272,-0.0121225993843672
28.2743087125316,-0.00834512581814759
28.307690422936,-0.00834512581814759
28.3410721333404,-0.00834512581814759
28.3744538437448,-0.00834512581814759
28.4078355541492,-0.00834512581814759
28.4412172645537,-0.00834512581814759
28.4745989749581,-0.00834512581814759
28.5079806853625,-0.00834512581814759
28.5413623957669,-0.00834512581814759
28.5747441061713,-0.00834512581814759
28.6081258165757,-0.00834512581814759
28.6415075269801,-0.00834512581814759
28.6748892373845,-0.00834512581814759
28.7082709477889,-0.00834512581814759
28.7416526581933,-0.00834512581814759
28.7750343685977,-0.00834512581814759
28.8084160790021,-0.00834512581814759
28.8417977894065,-0.00834512581814759
28.8751794998109,-0.00834512581814759
28.9085612102153,-0.00834512581814759
28.9419429206197,-0.00834512581814759
28.9753246310241,-0.00834512581814759
29.0087063414285,-0.00834512581814759
29.042088051833,-0.00834512581814759
29.0754697622374,-0.00834512581814759
29.1088514726418,-0.00834512581814759
29.1422331830462,-0.00834512581814759
29.1756148934506,-0.00834512581814759
29.208996603855,-0.00834512581814759
29.2423783142594,-0.00834512581814759
29.2757600246638,-0.00834512581814759
29.3091417350682,-0.00834512581814759
29.3425234454726,-0.00834512581814759
29.375905155877,-0.00834512581814759
29.4092868662814,-0.00834512581814759
29.4426685766858,-0.00834512581814759
29.4760502870902,-0.00834512581814759
29.5094319974946,-0.00834512581814759
29.542813707899,-0.00834512581814759
29.5761954183034,-0.00834512581814759
29.6095771287079,-0.00834512581814759
29.6429588391123,-0.0045677771267705
29.6763405495167,-0.0045677771267705
29.7097222599211,-0.00834512581814759
29.7431039703255,-0.00834512581814759
29.7764856807299,-0.00834512581814759
29.8098673911343,-0.00834512581814759
29.8432491015387,-0.0121225993843672
29.8766308119431,-0.00834512581814759
29.9100125223475,-0.00834512581814759
29.9433942327519,-0.00834512581814759
29.9767759431563,-0.00834512581814759
30.0101576535607,-0.00834512581814759
30.0435393639651,-0.00834512581814759
30.0769210743695,-0.00834512581814759
30.1103027847739,-0.00834512581814759
30.1436844951783,-0.0121225993843672
30.1770662055827,-0.00834512581814759
30.2104479159872,-0.00834512581814759
30.2438296263916,-0.0121225993843672
30.277211336796,-0.00834512581814759
30.3105930472004,-0.00834512581814759
30.3439747576048,-0.0121225993843672
30.3773564680092,-0.0121225993843672
30.4107381784136,-0.0121225993843672
30.444119888818,-0.0121225993843672
30.4775015992224,-0.00834512581814759
30.5108833096268,-0.0121225993843672
30.5442650200312,-0.00834512581814759
30.5776467304356,-0.00834512581814759
30.61102844084,-0.00834512581814759
30.6444101512444,-0.00834512581814759
30.6777918616488,-0.00834512581814759
30.7111735720532,-0.00834512581814759
30.7445552824576,-0.00834512581814759
30.7779369928621,-0.00834512581814759
30.8113187032665,-0.0045677771267705
30.8447004136709,-0.0045677771267705
30.8780821240753,-0.0045677771267705
30.9114638344797,-0.0045677771267705
30.9448455448841,-0.0045677771267705
30.9782272552885,-0.0045677771267705
31.0116089656929,-0.0045677771267705
31.0449906760973,-0.0045677771267705
31.0783723865017,-0.00834512581814759
31.1117540969061,-0.00834512581814759
31.1451358073105,-0.00834512581814759
31.1785175177149,-0.0121225993843672
31.2118992281193,-0.00834512581814759
31.2452809385237,-0.0121225993843672
31.2786626489281,-0.0121225993843672
31.3120443593325,-0.00834512581814759
31.3454260697369,-0.0045677771267705
31.3788077801414,-0.00834512581814759
31.4121894905458,-0.00834512581814759
31.4455712009502,-0.00834512581814759
31.4789529113546,-0.0045677771267705
31.512334621759,-0.0045677771267705
31.5457163321634,-0.0045677771267705
31.5790980425678,-0.0045677771267705
31.6124797529722,-0.0045677771267705
31.6458614633766,-0.0045677771267705
31.679243173781,-0.00834512581814759
31.7126248841854,-0.00834512581814759
31.7460065945898,-0.0121225993843672
31.7793883049942,-0.00834512581814759
31.8127700153986,-0.00834512581814759
31.846151725803,-0.00834512581814759
31.8795334362074,-0.00834512581814759
31.9129151466118,-0.00834512581814759
31.9462968570163,-0.00834512581814759
31.9796785674207,-0.00834512581814759
32.0130602778251,-0.00834512581814759
32.0464419882295,-0.00834512581814759
32.0798236986339,-0.00834512581814759
32.1132054090383,-0.00834512581814759
32.1465871194427,-0.0121225993843672
32.1799688298471,-0.0121225993843672
32.2133505402515,-0.0121225993843672
32.2467322506559,-0.0121225993843672
32.2801139610603,-0.0121225993843672
32.3134956714647,-0.00834512581814759
32.3468773818691,-0.00834512581814759
32.3802590922735,-0.00834512581814759
32.4136408026779,-0.00834512581814759
32.4470225130823,-0.0045677771267705
32.4804042234867,-0.0045677771267705
32.5137859338911,-0.0045677771267705
32.5471676442956,-0.0045677771267705
32.5805493547,-0.0045677771267705
32.6139310651044,-0.0045677771267705
32.6473127755088,-0.0045677771267705
32.6806944859132,-0.00834512581814759
32.7140761963176,-0.00834512581814759
32.747457906722,-0.00834512581814759
32.7808396171264,-0.00834512581814759
32.8142213275308,-0.00834512581814759
32.8476030379352,-0.00834512581814759
32.8809847483396,-0.0121225993843672
32.914366458744,-0.0121225993843672
32.9477481691484,-0.0121225993843672
32.9811298795528,-0.0121225993843672
33.0145115899572,-0.00834512581814759
33.0478933003616,-0.00834512581814759
33.081275010766,-0.00834512581814759
33.1146567211704,-0.00834512581814759
33.1480384315749,-0.00834512581814759
33.1814201419793,-0.0045677771267705
33.2148018523837,-0.0045677771267705
33.2481835627881,-0.00834512581814759
33.2815652731925,-0.00834512581814759
33.3149469835969,-0.00834512581814759
33.3483286940013,-0.0045677771267705
33.3817104044057,-0.00834512581814759
33.4150921148101,-0.00834512581814759
33.4484738252145,-0.00834512581814759
33.4818555356189,-0.0045677771267705
33.5152372460233,-0.0045677771267705
33.5486189564277,-0.0045677771267705
33.5820006668321,-0.0045677771267705
33.6153823772365,-0.00834512581814759
33.6487640876409,-0.00834512581814759
33.6821457980454,-0.00834512581814759
33.7155275084498,-0.00834512581814759
33.7489092188542,-0.0121225993843672
33.7822909292586,-0.00834512581814759
33.815672639663,-0.00834512581814759
33.8490543500674,-0.0121225993843672
33.8824360604718,-0.00834512581814759
33.9158177708762,-0.00834512581814759
33.9491994812806,-0.0121225993843672
33.982581191685,-0.0121225993843672
34.0159629020894,-0.0121225993843672
34.0493446124938,-0.0121225993843672
34.0827263228982,-0.0121225993843672
34.1161080333026,-0.00834512581814759
34.149489743707,-0.0121225993843672
34.1828714541114,-0.00834512581814759
34.2162531645158,-0.00834512581814759
34.2496348749202,-0.00834512581814759
34.2830165853247,-0.00834512581814759
34.3163982957291,-0.00834512581814759
34.3497800061335,-0.00834512581814759
34.3831617165379,-0.00834512581814759
34.4165434269423,-0.00834512581814759
34.4499251373467,-0.00834512581814759
34.4833068477511,-0.00834512581814759
34.5166885581555,-0.00834512581814759
34.5500702685599,-0.00834512581814759
34.5834519789643,-0.0121225993843672
34.6168336893687,-0.0121225993843672
34.6502153997731,-0.0121225993843672
34.6835971101775,-0.0121225993843672
34.7169788205819,-0.0121225993843672
34.7503605309863,-0.0121225993843672
34.7837422413907,-0.0121225993843672
34.8171239517951,-0.0121225993843672
34.8505056621995,-0.00834512581814759
34.883887372604,-0.0121225993843672
34.9172690830084,-0.0121225993843672
34.9506507934128,-0.0196779206406282
34.9840325038172,-0.0310118359562589
35.0174142142216,-0.0499041756128619
35.050795924626,-0.0650202710282509
35.0841776350304,-0.0914781684617047
35.1175593454348,-0.121723089920593
35.1509410558392,-0.163322499606403
35.1843227662436,-0.212504101806156
35.217704476648,-0.269276883262301
35.2510861870524,-0.337438688399387
35.2844678974568,-0.409427278271318
35.3178496078612,-0.489040395245729
35.3512313182656,-0.561112679629871
35.38461302867,-0.610447467566494
35.4179947390744,-0.629427111460526
35.4513764494789,-0.61803901202716
35.4847581598833,-0.568701484335056
35.5181398702877,-0.485248197231805
35.5515215806921,-0.363956063387292
35.5849032910965,-0.204936395638779
35.6182850015009,0.00676351844699571
35.6516667119053,0.218070276786513
35.6850484223097,0.425199887508873
35.7184301327141,0.63941726445205
35.7518118431185,0.744474501332722
35.7851935535229,0.811949625667059
35.8185752639273,0.823190725896274
35.8519569743317,0.789463337626687
35.8853386847361,0.703215835258136
35.9187203951405,0.579332995437541
35.9521021055449,0.421437588374459
35.9854838159493,0.248223585948884
36.0188655263537,0.0747274779013539
36.0522472367581,-0.0801383343569813
36.0856289471626,-0.235210050168834
36.119010657567,-0.379111337898081
36.1523923679714,-0.500417641461348
36.1857740783758,-0.591470440335448
36.2191557887802,-0.64081614708837
36.2525374991846,-0.656002978204272
36.285919209589,-0.64081614708837
36.3193009199934,-0.576290713374248
36.3526826303978,-0.492832702040787
36.3860643408022,-0.375322350216559
36.4194460512066,-0.23899478625491
36.452827761611,-0.0990386686504362
36.4862094720154,0.0634030031803781
36.5195911824198,0.191679181406405
36.5529728928242,0.323569389875898
36.5863546032286,0.406387003353081
36.6197363136331,0.455293263003901
36.6531180240375,0.474097074437579
36.6864997344419,0.474097074437579
36.7198814448463,0.440247691900637
36.7532631552507,0.387570657150814
36.7866448656551,0.312270957812301
36.8200265760595,0.229378763648731
36.8534082864639,0.138877706824027
36.8867899968683,0.0331988141516922
36.9201717072727,-0.0763586344723758
36.9535534176771,-0.186019203252427
36.9869351280815,-0.288206973837508
37.0203168384859,-0.367744712833655
37.0536985488903,-0.424587927794568
37.0870802592947,-0.447332228250315
37.1204619696991,-0.443541235285849
37.1538436801035,-0.405637394243074
37.1872253905079,-0.34122654416984
37.2206071009124,-0.257920222052703
37.2539888113168,-0.159540133956499
37.2873705217212,-0.0574619768292835
37.3207522321256,0.0558527169178339
37.35413394253,0.142650088039803
37.3875156529344,0.214300516326477
37.4208973633388,0.2708329716284
37.4542790737432,0.3047379924741
37.4876607841476,0.316037237415541
37.521042494552,0.312270957812301
37.5544242049564,0.289670440713235
37.5878059153608,0.244454887645332
37.6211876257652,0.187908498047477
37.6545693361696,0.120013857185066
37.687951046574,0.0483019226601684
37.7213327569784,-0.023455768080253
37.7547144673828,-0.0914781684617047
37.7880961777872,-0.155757888154891
37.8214778881917,-0.208720189619425
37.8548595985961,-0.246564609880687
37.8882413090005,-0.265491213177388
37.9216230194049,-0.269276883262301
37.9550047298093,-0.261705659398578
37.9883864402137,-0.23899478625491
38.0217681506181,-0.201152719990686
38.0551498610225,-0.151975762327731
38.0885315714269,-0.0990386686504362
38.1219132818313,-0.042346868382692
38.1552949922357,0.0180936856435344
38.1886767026401,0.0709527804502694
38.2220584130445,0.116240699414698
38.2554401234489,0.153966452028591
38.2888218338533,0.184137683340752
38.3222035442577,0.199220153585777
38.3555852546622,0.202990442158746
38.3889669650666,0.184137683340752
38.422348675471,0.153966452028591
38.4557303858754,0.112467412653409
38.4891120962798,0.0671779555017349
38.5224938066842,0.0180936856435344
38.5558755170886,-0.0272337398938876
38.589257227493,-0.0725790572056554
38.6226389378974,-0.106599656294112
38.6560206483018,-0.133066937222219
38.6894023587062,-0.148193756601145
38.7227840691106,-0.159540133956499
38.756165779515,-0.163322499606403
38.7895474899194,-0.159540133956499
38.8229292003238,-0.148193756601145
38.8563109107282,-0.129285533889543
38.8896926211326,-0.102819101603292
38.923074331537,-0.0763586344723758
38.9564560419415,-0.0461254601867804
38.9898377523458,-0.0121225993843672
39.0232194627503,0.0218701567084179
39.0566011731547,0.0558527169178339
39.0899828835591,0.0898249902395927
39.1233645939635,0.116240699414698
39.1567463043679,0.13133255530792
39.1901280147723,0.142650088039803
39.2235097251767,0.142650088039803
39.2568914355811,0.13133255530792
39.2902731459855,0.112467412653409
39.3236548563899,0.0747274779013539
39.3570365667943,0.0369747809659485
39.3904182771987,-0.0007905534353792
39.4237999876031,-0.042346868382692
39.4571816980075,-0.0801383343569813
39.4905634084119,-0.110380332597093
39.5239451188163,-0.133066937222219
39.5573268292208,-0.148193756601145
39.5907085396252,-0.151975762327731
39.6240902500296,-0.151975762327731
39.657471960434,-0.136848461285733
39.6908536708384,-0.1179420495362
39.7242353812428,-0.0876981014773104
39.7576170916472,-0.0574619768292835
39.7909988020516,-0.0272337398938876
39.824380512456,0.00298654513090727
39.8577622228604,0.0294227210874226
39.8911439332648,0.0558527169178339
39.9245256436692,0.0709527804502694
39.9579073540736,0.0898249902395927
39.991289064478,0.101146779667254
40.0246707748824,0.104920452655335
40.0580524852868,0.104920452655335
40.0914341956912,0.101146779667254
40.1248159060956,0.0860508040240446
40.1581976165001,0.0709527804502694
40.1915793269045,0.0445263353450086
40.2249610373089,0.0143170888283377
40.2583427477133,-0.0159001977002593
40.2917244581177,-0.0461254601867804
40.3251061685221,-0.0763586344723758
40.3584878789265,-0.102819101603292
40.3918695893309,-0.1179420495362
40.4252512997353,-0.125504251413684
40.4586330101397,-0.133066937222219
40.4920147205441,-0.129285533889543
40.5253964309485,-0.114161130386407
40.5587781413529,-0.0914781684617047
40.5921598517573,-0.068799602682421
40.6255415621617,-0.038568400325997
40.6589232725661,-0.00834512581814759
40.6923049829705,0.0180936856435344
40.7256866933749,0.0445263353450086
40.7590684037794,0.0634030031803781
40.7924501141838,0.0747274779013539
40.8258318245882,0.0822764898128031
40.8592135349926,0.0860508040240446
40.892595245397,0.0785020477303902
40.9259769558014,0.0709527804502694
40.9593586662058,0.0558527169178339
40.9927403766102,0.0445263353450086
41.0261220870146,0.0256465018980273
41.059503797419,0.0143170888283377
41.0928855078234,-0.0007905534353792
41.1262672182278,-0.0196779206406282
41.1596489286322,-0.0310118359562589
41.1930306390366,-0.042346868382692
41.226412349441,-0.0574619768292835
41.2597940598454,-0.0650202710282509
41.2931757702499,-0.0725790572056554
41.3265574806543,-0.0725790572056554
41.3599391910587,-0.0725790572056554
41.3933209014631,-0.0725790572056554
41.4267026118675,-0.068799602682421
41.4600843222719,-0.0536830145355135
41.4934660326763,-0.042346868382692
41.5268477430807,-0.023455768080253
41.5602294534851,-0.0045677771267705
41.5936111638895,0.0143170888283377
41.6269928742939,0.0294227210874226
41.6603745846983,0.0445263353450086
41.6937562951027,0.052077383226029
41.7271380055071,0.0596279236108514
41.7605197159115,0.0634030031803781
41.7939014263159,0.0596279236108514
41.8272831367203,0.052077383226029
41.8606648471247,0.0407506214053323
41.8940465575292,0.0294227210874226
41.9274282679336,0.0180936856435344
41.960809978338,0.00298654513090727
41.9941916887424,-0.00834512581814759
42.0275733991468,-0.0196779206406282
42.0609551095512,-0.0310118359562589
42.0943368199556,-0.038568400325997
42.12771853036,-0.042346868382692
42.1611002407644,-0.0461254601867804
42.1944819511688,-0.0499041756128619
42.2278636615732,-0.0499041756128619
42.2612453719776,-0.0499041756128619
42.294627082382,-0.0499041756128619
42.3280087927864,-0.0499041756128619
42.3613905031908,-0.0499041756128619
42.3947722135952,-0.0461254601867804
42.4281539239996,-0.042346868382692
42.461535634404,-0.0347900561420694
42.4949173448085,-0.0272337398938876
42.5282990552129,-0.00834512581814759
42.5616807656173,0.00298654513090727
42.5950624760217,0.0143170888283377
42.6284441864261,0.0256465018980273
42.6618258968305,0.0407506214053323
42.6952076072349,0.0407506214053323
42.7285893176393,0.0445263353450086
42.7619710280437,0.0445263353450086
42.7953527384481,0.0407506214053323
42.8287344488525,0.0331988141516922
42.8621161592569,0.0218701567084179
42.8954978696613,0.0105403663878203
42.9288795800657,-0.0007905534353792
42.9622612904701,-0.0121225993843672
42.9956430008745,-0.0196779206406282
43.029024711279,-0.0272337398938876
43.0624064216833,-0.0272337398938876
43.0957881320878,-0.0310118359562589
43.1291698424922,-0.0347900561420694
43.1625515528966,-0.0347900561420694
43.195933263301,-0.0347900561420694
43.2293149737054,-0.038568400325997
43.2626966841098,-0.042346868382692
43.2960783945142,-0.042346868382692
43.3294601049186,-0.042346868382692
43.362841815323,-0.038568400325997
43.3962235257274,-0.0347900561420694
43.4296052361318,-0.0272337398938876
43.4629869465362,-0.0159001977002593
43.4963686569406,-0.00834512581814759
43.529750367345,0.00676351844699571
43.5631320777494,0.0180936856435344
43.5965137881538,0.0294227210874226
43.6298954985582,0.0331988141516922
43.6632772089626,0.0331988141516922
43.6966589193671,0.0256465018980273
43.7300406297715,0.0180936856435344
43.7634223401759,0.00676351844699571
43.7968040505803,-0.0007905534353792
43.8301857609847,-0.0121225993843672
43.8635674713891,-0.023455768080253
43.8969491817935,-0.0272337398938876
43.9303308921979,-0.0310118359562589
43.9637126026023,-0.0272337398938876
43.9970943130067,-0.023455768080253
44.0304760234111,-0.0159001977002593
44.0638577338155,-0.0121225993843672
44.0972394442199,0.00298654513090727
44.1306211546243,0.00676351844699571
44.1640028650287,0.00676351844699571
44.1973845754331,0.00298654513090727
44.2307662858376,-0.0007905534353792
44.264147996242,-0.0121225993843672
44.2975297066464,-0.023455768080253
44.3309114170508,-0.0310118359562589
44.3642931274552,-0.0347900561420694
44.3976748378596,-0.0347900561420694
44.431056548264,-0.0272337398938876
44.4644382586684,-0.0196779206406282
44.4978199690728,-0.0121225993843672
44.5312016794772,-0.0007905534353792
44.5645833898816,0.00676351844699571
44.597965100286,0.0105403663878203
44.6313468106904,0.0105403663878203
44.6647285210948,0.0105403663878203
44.6981102314992,0.00298654513090727
44.7314919419036,-0.0007905534353792
44.764873652308,-0.0121225993843672
44.7982553627124,-0.0159001977002593
44.8316370731169,-0.0196779206406282
44.8650187835213,-0.0121225993843672
44.8984004939257,0.0218701567084179
44.9317822043301,0.0822764898128031
44.9651639147345,0.161510043731669
44.9985456251389,0.251992150927406
45.0319273355433,0.34239739260982
45.0653090459477,0.428962047550728
45.0986907563521,0.492897368949545
45.1320724667565,0.530487346417045
45.1654541771609,0.538003635804607
45.1988358875653,0.511694131337505
45.2322175979697,0.451532080025616
45.2655993083741,0.364986493327373
45.2989810187785,0.244454887645332
45.3323627291829,0.104920452655335
45.3657444395873,-0.038568400325997
45.3991261499917,-0.201152719990686
45.4325078603962,-0.337438688399387
45.4658895708006,-0.462497300730359
45.499271281205,-0.545936347338613
45.5326529916094,-0.587675350306705
45.5660347020138,-0.591470440335448
45.5994164124182,-0.557318436724221
45.6327981228226,-0.481456108127228
45.666179833227,-0.394268412248299
45.6995615436314,-0.276848571842976
45.7329432540358,-0.133066937222219
45.7663249644402,0.00676351844699571
45.7997066748446,0.142650088039803
45.833088385249,0.289670440713235
45.8664700956534,0.383806973809437
45.8998518060578,0.455293263003901
45.9332335164622,0.492897368949545
45.9666152268667,0.500416498610338
45.999996937271,0.47785741518044
46.0333786476755,0.421437588374459
46.0667603580799,0.346162584445981
46.1001420684843,0.255760582457553
46.1335237788887,0.142650088039803
46.1669054892931,0.0256465018980273
46.2002871996975,-0.083918156733844
46.2336689101019,-0.186019203252427
46.2670506205063,-0.276848571842976
46.3004323309107,-0.34122654416984
46.3338140413151,-0.382900438069596
46.3671957517195,-0.398057961103868
46.4005774621239,-0.394268412248299
46.4339591725283,-0.360167526940964
46.4673408829327,-0.307139953026287
46.5007225933371,-0.242779639534424
46.5341043037415,-0.167104984978426
46.5674860141459,-0.083918156733844
46.6008677245504,0.00298654513090727
46.6342494349548,0.0860508040240446
46.6676311453592,0.15773831305843
46.7010128557636,0.218070276786513
46.734394566168,0.259528880416004
46.7677762765724,0.289670440713235
46.8011579869768,0.297204486446471
46.8345396973812,0.297204486446471
46.8679214077856,0.27460073406742
46.90130311819,0.240686056140127
46.9346848285944,0.191679181406405
46.9680665389988,0.13133255530792
47.0014482494032,0.0709527804502694
47.0348299598076,0.00298654513090727
47.068211670212,-0.0650202710282509
47.1015933806164,-0.125504251413684
47.1349750910208,-0.182236121163317
47.1683568014253,-0.223856546337769
47.2017385118297,-0.246564609880687
47.2351202222341,-0.257920222052703
47.2685019326385,-0.257920222052703
47.3018836430429,-0.246564609880687
47.3352653534473,-0.212504101806156
47.3686470638517,-0.167104984978426
47.4020287742561,-0.114161130386407
47.4354104846605,-0.0574619768292835
47.4687921950649,0.00298654513090727
47.5021739054693,0.0634030031803781
47.5355556158737,0.116240699414698
47.5689373262781,0.161510043731669
47.6023190366825,0.195449733293755
47.6357007470869,0.218070276786513
47.6690824574913,0.225609400571191
47.7024641678957,0.221839904909273
47.7358458783001,0.206760598888962
47.7692275887046,0.176595660379162
47.802609299109,0.135105195872015
47.8359910095134,0.0860508040240446
47.8693727199178,0.0331988141516922
47.9027544303222,-0.023455768080253
47.9361361407266,-0.0725790572056554
47.969517851131,-0.1179420495362
48.0028995615354,-0.155757888154891
48.0362812719398,-0.178453158165076
48.0696629823442,-0.193585724197927
48.1030446927486,-0.193585724197927
48.136426403153,-0.193585724197927
48.1698081135574,-0.167104984978426
48.2031898239618,-0.136848461285733
48.2365715343662,-0.0990386686504362
48.2699532447706,-0.0574619768292835
48.303334955175,-0.0121225993843672
48.3367166655794,0.0331988141516922
48.3700983759839,0.0709527804502694
48.4034800863883,0.104920452655335
48.4368617967927,0.135105195872015
48.4702435071971,0.150194460766171
48.5036252176015,0.161510043731669
48.5370069280059,0.161510043731669
48.5703886384103,0.153966452028591
48.6037703488147,0.13133255530792
48.6371520592191,0.108693997025508
48.6705337696235,0.0747274779013539
48.7039154800279,0.0407506214053323
48.7372971904323,0.00298654513090727
48.7706789008367,-0.0347900561420694
48.8040606112411,-0.0650202710282509
48.8374423216455,-0.0952583575613223
48.8708240320499,-0.1179420495362
48.9042057424544,-0.125504251413684
48.9375874528588,-0.133066937222219
48.9709691632632,-0.133066937222219
49.0043508736676,-0.129285533889543
49.037732584072,-0.110380332597093
49.0711142944764,-0.0876981014773104
49.1044960048808,-0.0612410623686962
49.1378777152852,-0.0272337398938876
49.1712594256896,0.00298654513090727
49.204641136094,0.0331988141516922
49.2380228464984,0.0596279236108514
49.2714045569028,0.0822764898128031
49.3047862673072,0.0973729781856539
49.3381679777116,0.108693997025508
49.371549688116,0.108693997025508
49.4049313985204,0.108693997025508
49.4383131089248,0.101146779667254
49.4716948193292,0.0860508040240446
49.5050765297336,0.0671779555017349
49.5384582401381,0.0407506214053323
49.5718399505425,0.0180936856435344
49.6052216609469,-0.00834512581814759
49.6386033713513,-0.0347900561420694
49.6719850817557,-0.0574619768292835
49.7053667921601,-0.0725790572056554
49.7387485025645,-0.0876981014773104
49.7721302129689,-0.0952583575613223
49.8055119233733,-0.0952583575613223
49.8388936337777,-0.0952583575613223
49.8722753441821,-0.0876981014773104
49.9056570545865,-0.0763586344723758
49.9390387649909,-0.0574619768292835
49.9724204753953,-0.0347900561420694
50.0058021857997,-0.0121225993843672
50.0391838962041,0.0105403663878203
50.0725656066085,0.0331988141516922
50.105947317013,0.0483019226601684
50.1393290274174,0.0634030031803781
50.1727107378218,0.0747274779013539
50.2060924482262,0.0785020477303902
50.2394741586306,0.0785020477303902
50.272855869035,0.0747274779013539
50.3062375794394,0.0671779555017349
50.3396192898438,0.0558527169178339
50.3730010002482,0.0407506214053323
50.4063827106526,0.0218701567084179
50.439764421057,0.00298654513090727
50.4731461314614,-0.0196779206406282
50.5065278418658,-0.0347900561420694
50.5399095522702,-0.0461254601867804
50.5732912626746,-0.0574619768292835
50.606672973079,-0.0650202710282509
50.6400546834834,-0.0650202710282509
50.6734363938878,-0.068799602682421
50.7068181042923,-0.068799602682421
50.7401998146967,-0.0574619768292835
50.7735815251011,-0.0461254601867804
50.8069632355055,-0.0347900561420694
50.8403449459099,-0.0159001977002593
50.8737266563143,-0.0007905534353792
50.9071083667187,0.0143170888283377
50.9404900771231,0.0294227210874226
50.9738717875275,0.0407506214053323
51.0072534979319,0.0483019226601684
51.0406352083363,0.0558527169178339
51.0740169187407,0.0558527169178339
51.1073986291451,0.0558527169178339
51.1407803395495,0.0558527169178339
51.1741620499539,0.0483019226601684
51.2075437603583,0.0369747809659485
51.2409254707627,0.0218701567084179
51.2743071811672,0.0105403663878203
51.3076888915716,-0.0045677771267705
51.341070601976,-0.0159001977002593
51.3744523123804,-0.0272337398938876
51.4078340227848,-0.038568400325997
51.4412157331892,-0.042346868382692
51.4745974435936,-0.0461254601867804
51.507979153998,-0.0499041756128619
51.5413608644024,-0.0461254601867804
51.5747425748068,-0.042346868382692
51.6081242852112,-0.038568400325997
51.6415059956156,-0.0272337398938876
51.67488770602,-0.0196779206406282
51.7082694164244,-0.00834512581814759
51.7416511268288,0.00298654513090727
51.7750328372332,0.0143170888283377
51.8084145476376,0.0256465018980273
51.8417962580421,0.0294227210874226
51.8751779684465,0.0331988141516922
51.9085596788509,0.0369747809659485
51.9419413892553,0.0369747809659485
51.9753230996597,0.0369747809659485
52.0087048100641,0.0331988141516922
52.0420865204685,0.0256465018980273
52.0754682308729,0.0180936856435344
52.1088499412773,0.0105403663878203
52.1422316516817,0.00298654513090727
52.1756133620861,-0.0045677771267705
52.2089950724905,-0.0159001977002593
52.2423767828949,-0.023455768080253
52.2757584932993,-0.0272337398938876
52.3091402037037,-0.0310118359562589
52.3425219141081,-0.0347900561420694
52.3759036245125,-0.0347900561420694
52.4092853349169,-0.0347900561420694
52.4426670453214,-0.0272337398938876
52.4760487557258,-0.023455768080253
52.5094304661302,-0.0196779206406282
52.5428121765346,-0.00834512581814759
52.576193886939,-0.0045677771267705
52.6095755973434,0.00676351844699571
52.6429573077478,0.0143170888283377
52.6763390181522,0.0180936856435344
52.7097207285566,0.0256465018980273
52.743102438961,0.0256465018980273
52.7764841493654,0.0256465018980273
52.8098658597698,0.0256465018980273
52.8432475701742,0.0256465018980273
52.8766292805786,0.0218701567084179
52.910010990983,0.0180936856435344
52.9433927013874,0.0105403663878203
52.9767744117918,0.00298654513090727
53.0101561221962,-0.0045677771267705
53.0435378326007,-0.00834512581814759
53.0769195430051,-0.0159001977002593
53.1103012534095,-0.0196779206406282
53.1436829638139,-0.023455768080253
53.1770646742183,-0.0272337398938876
53.2104463846227,-0.0272337398938876
53.2438280950271,-0.0272337398938876
53.2772098054315,-0.023455768080253
53.3105915158359,-0.0196779206406282
53.3439732262403,-0.0159001977002593
53.3773549366447,-0.0121225993843672
53.4107366470491,-0.0045677771267705
53.4441183574535,-0.0007905534353792
53.4775000678579,0.00676351844699571
53.5108817782623,0.0143170888283377
53.5442634886667,0.0180936856435344
53.5776451990711,0.0180936856435344
53.6110269094755,0.0180936856435344
53.64440861988,0.0218701567084179
53.6777903302844,0.0218701567084179
53.7111720406888,0.0180936856435344
53.7445537510932,0.0143170888283377
53.7779354614976,0.0105403663878203
53.811317171902,0.00676351844699571
53.8446988823064,-0.0007905534353792
53.8780805927108,-0.0045677771267705
53.9114623031152,-0.00834512581814759
53.9448440135196,-0.0121225993843672
53.978225723924,-0.0121225993843672
54.0116074343284,-0.0159001977002593
54.0449891447328,-0.0159001977002593
54.0783708551372,-0.0159001977002593
54.1117525655416,-0.0159001977002593
54.145134275946,-0.0159001977002593
54.1785159863504,-0.0159001977002593
54.2118976967549,-0.0045677771267705
54.2452794071593,-0.0045677771267705
54.2786611175637,-0.0007905534353792
54.3120428279681,0.00298654513090727
54.3454245383725,0.00676351844699571
54.3788062487769,0.0105403663878203
54.4121879591813,0.0105403663878203
54.4455696695857,0.0143170888283377
54.4789513799901,0.0143170888283377
54.5123330903945,0.0143170888283377
54.5457148007989,0.0143170888283377
54.5790965112033,0.0105403663878203
54.6124782216077,0.0105403663878203
54.6458599320121,0.00676351844699571
54.6792416424165,0.00298654513090727
54.7126233528209,0.00298654513090727
54.7460050632253,-0.0045677771267705
54.7793867736298,-0.0045677771267705
54.8127684840342,-0.00834512581814759
54.8461501944386,-0.0121225993843672
54.879531904843,-0.0121225993843672
54.9129136152474,-0.0121225993843672
54.9462953256518,-0.0121225993843672
54.9796770360562,-0.0121225993843672
55.0130587464606,-0.00834512581814759
55.046440456865,-0.00834512581814759
55.0798221672694,-0.00834512581814759
55.1132038776738,-0.0007905534353792
55.1465855880782,0.00298654513090727
55.1799672984826,0.00298654513090727
55.213349008887,0.00676351844699571
55.2467307192914,0.0105403663878203
55.2801124296958,0.0105403663878203
55.3134941401002,0.0105403663878203
55.3468758505046,0.0105403663878203
55.3802575609091,0.0105403663878203
55.4136392713135,0.0105403663878203
55.4470209817179,0.00676351844699571
55.4804026921223,0.00298654513090727
55.5137844025267,0.00298654513090727
55.5471661129311,-0.0007905534353792
55.5805478233355,-0.0045677771267705
55.6139295337399,-0.0045677771267705
55.6473112441443,-0.0045677771267705
55.6806929545487,-0.00834512581814759
55.7140746649531,-0.00834512581814759
55.7474563753575,-0.00834512581814759
55.7808380857619,-0.00834512581814759
55.8142197961663,-0.00834512581814759
55.8476015065707,-0.00834512581814759
55.8809832169751,-0.0045677771267705
55.9143649273795,-0.0045677771267705
55.9477466377839,-0.0007905534353792
55.9811283481884,0.00298654513090727
56.0145100585928,0.00298654513090727
56.0478917689972,0.00298654513090727
56.0812734794016,0.00298654513090727
56.114655189806,0.00676351844699571
56.1480369002104,0.00676351844699571
56.1814186106148,0.00676351844699571
56.2148003210192,0.00676351844699571
56.2481820314236,0.00676351844699571
56.281563741828,0.00676351844699571
56.3149454522324,0.00298654513090727
56.3483271626368,0.00298654513090727
56.3817088730412,0.00298654513090727
56.4150905834456,-0.0007905534353792
56.44847229385,-0.0007905534353792
56.4818540042544,-0.0007905534353792
56.5152357146588,-0.0045677771267705
56.5486174250632,-0.0045677771267705
56.5819991354677,-0.0045677771267705
56.6153808458721,-0.0045677771267705
56.6487625562765,-0.0045677771267705
56.6821442666809,-0.0045677771267705
56.7155259770853,-0.0045677771267705
56.7489076874897,-0.0045677771267705
56.7822893978941,-0.0045677771267705
56.8156711082985,-0.0007905534353792
56.8490528187029,-0.0007905534353792
56.8824345291073,0.00298654513090727
56.9158162395117,0.00298654513090727
56.9491979499161,0.00298654513090727
56.9825796603205,0.00298654513090727
57.0159613707249,0.00298654513090727
57.0493430811293,0.00676351844699571
57.0827247915337,0.00676351844699571
57.1161065019381,0.00676351844699571
57.1494882123426,0.00298654513090727
57.182869922747,0.00298654513090727
57.2162516331514,0.00298654513090727
57.2496333435558,-0.0007905534353792
57.2830150539602,-0.0007905534353792
57.3163967643646,-0.0007905534353792
57.349778474769,-0.0045677771267705
57.3831601851734,-0.0045677771267705
57.4165418955778,-0.0045677771267705
57.4499236059822,-0.0045677771267705
57.4833053163866,-0.0045677771267705
57.516687026791,-0.0045677771267705
57.5500687371954,-0.0045677771267705
57.5834504475998,-0.0045677771267705
57.6168321580042,-0.0007905534353792
57.6502138684086,-0.0007905534353792
57.683595578813,0.00298654513090727
57.7169772892175,0.00298654513090727
57.7503589996219,0.00298654513090727
57.7837407100263,0.00298654513090727
57.8171224204307,0.00298654513090727
57.8505041308351,0.00298654513090727
57.8838858412395,0.00298654513090727
57.9172675516439,0.00298654513090727
57.9506492620483,0.00298654513090727
57.9840309724527,0.00298654513090727
58.0174126828571,0.00298654513090727
58.0507943932615,0.00298654513090727
58.0841761036659,-0.0007905534353792
58.1175578140703,-0.0007905534353792
58.1509395244747,-0.0007905534353792
58.1843212348791,-0.0007905534353792
58.2177029452835,-0.0007905534353792
58.2510846556879,-0.0007905534353792
58.2844663660923,-0.0007905534353792
58.3178480764968,-0.0045677771267705
58.3512297869012,-0.0045677771267705
58.3846114973056,-0.0045677771267705
58.41799320771,-0.0045677771267705
58.4513749181144,-0.0045677771267705
58.4847566285188,-0.0007905534353792
58.5181383389232,-0.0045677771267705
58.5515200493276,-0.0007905534353792
58.584901759732,-0.0045677771267705
58.6182834701364,-0.0007905534353792
58.6516651805408,-0.0007905534353792
58.6850468909452,0.00298654513090727
58.7184286013496,0.00298654513090727
58.751810311754,0.00298654513090727
58.7851920221584,0.00298654513090727
58.8185737325628,0.00298654513090727
58.8519554429672,0.00298654513090727
58.8853371533717,0.00298654513090727
58.9187188637761,0.00298654513090727
58.9521005741805,0.00298654513090727
58.9854822845849,-0.0007905534353792
59.0188639949893,-0.0007905534353792
59.0522457053937,-0.0007905534353792
59.0856274157981,-0.0007905534353792
59.1190091262025,-0.0007905534353792
59.1523908366069,-0.0007905534353792
59.1857725470113,-0.0007905534353792
59.2191542574157,-0.0007905534353792
59.2525359678201,-0.0045677771267705
59.2859176782245,-0.0007905534353792
59.3192993886289,-0.0007905534353792
59.3526810990333,-0.0007905534353792
59.3860628094377,-0.0007905534353792
59.4194445198421,-0.0007905534353792
59.4528262302466,-0.0007905534353792
59.486207940651,0.00298654513090727
59.5195896510554,0.00298654513090727
59.5529713614598,0.00298654513090727
59.5863530718642,0.00298654513090727
59.6197347822686,0.00298654513090727
59.653116492673,0.00298654513090727
59.6864982030774,0.00298654513090727
59.7198799134818,0.00298654513090727
59.7532616238862,-0.0007905534353792
59.7866433342906,-0.0007905534353792
59.820025044695,-0.0007905534353792
59.8534067550994,-0.0007905534353792
59.8867884655038,-0.0007905534353792
59.9201701759082,-0.0007905534353792
59.9535518863126,-0.0007905534353792
59.986933596717,-0.0007905534353792
60.0203153071214,-0.0007905534353792
60.0536970175258,-0.0007905534353792
60.0870787279303,-0.0007905534353792
60.1204604383347,-0.0007905534353792
60.1538421487391,-0.0007905534353792
60.1872238591435,0.00298654513090727
60.2206055695479,0.00298654513090727
60.2539872799523,-0.0007905534353792
60.2873689903567,-0.0007905534353792
60.3207507007611,-0.0007905534353792
60.3541324111655,-0.0007905534353792
60.3875141215699,-0.0007905534353792
60.4208958319743,0.00298654513090727
60.4542775423787,-0.0007905534353792
60.4876592527831,0.00298654513090727
60.5210409631875,0.00298654513090727
60.5544226735919,0.00298654513090727
60.5878043839963,-0.0007905534353792
60.6211860944007,0.00298654513090727
60.6545678048051,0.00298654513090727
60.6879495152096,0.00298654513090727
60.721331225614,-0.0007905534353792
60.7547129360184,-0.0007905534353792
60.7880946464228,-0.0007905534353792
60.8214763568272,-0.0007905534353792
60.8548580672316,-0.0007905534353792
60.888239777636,-0.0007905534353792
60.9216214880404,-0.0007905534353792
60.9550031984448,-0.0007905534353792
60.9883849088492,-0.0007905534353792
61.0217666192536,-0.0007905534353792
61.055148329658,-0.0007905534353792
61.0885300400624,-0.0007905534353792
61.1219117504668,-0.0007905534353792
61.1552934608712,0.00298654513090727
61.1886751712756,0.00298654513090727
61.22205688168,0.00298654513090727
61.2554385920845,0.00298654513090727
61.2888203024889,0.00298654513090727
61.3222020128933,0.00298654513090727
61.3555837232977,0.00298654513090727
61.3889654337021,0.00298654513090727
61.4223471441065,0.00298654513090727
61.4557288545109,0.00298654513090727
61.4891105649153,0.00298654513090727
61.5224922753197,-0.0007905534353792
61.5558739857241,-0.0007905534353792
61.5892556961285,-0.0007905534353792
61.6226374065329,-0.0007905534353792
61.6560191169373,-0.0007905534353792
61.6894008273417,-0.0007905534353792
61.7227825377461,-0.0007905534353792
61.7561642481505,-0.0007905534353792
61.789545958555,-0.0007905534353792
61.8229276689593,-0.0007905534353792
61.8563093793638,-0.0007905534353792
61.8896910897682,-0.0007905534353792
61.9230728001726,0.00298654513090727
61.956454510577,0.00298654513090727
61.9898362209814,0.00298654513090727
62.0232179313858,0.00298654513090727
62.0565996417902,0.00298654513090727
62.0899813521946,-0.0007905534353792
62.123363062599,-0.0007905534353792
62.1567447730034,-0.0007905534353792
62.1901264834078,-0.0007905534353792
62.2235081938122,-0.0007905534353792
62.2568899042166,-0.0007905534353792
62.290271614621,-0.0007905534353792
62.3236533250254,-0.0007905534353792
62.3570350354298,-0.0007905534353792
62.3904167458343,-0.0007905534353792
62.4237984562387,-0.0007905534353792
62.4571801666431,-0.0007905534353792
62.4905618770475,-0.0007905534353792
62.5239435874519,-0.0007905534353792
62.5573252978563,-0.0007905534353792
62.5907070082607,-0.0007905534353792
62.6240887186651,-0.0007905534353792
62.6574704290695,-0.0007905534353792
62.6908521394739,-0.0007905534353792
62.7242338498783,-0.0007905534353792
62.7576155602827,-0.0007905534353792
62.7909972706871,-0.0007905534353792
62.8243789810915,-0.0007905534353792
62.8577606914959,-0.0007905534353792
62.8911424019003,-0.0007905534353792
62.9245241123047,-0.0007905534353792
62.9579058227091,-0.0007905534353792
62.9912875331135,0.00298654513090727
63.024669243518,0.00298654513090727
63.0580509539224,-0.0007905534353792
63.0914326643268,0.00298654513090727
63.1248143747312,0.00298654513090727
63.1581960851356,0.00298654513090727
63.19157779554,0.00298654513090727
63.2249595059444,0.00298654513090727
63.2583412163488,-0.0007905534353792
63.2917229267532,-0.0007905534353792
63.3251046371576,-0.0007905534353792
63.358486347562,-0.0007905534353792
63.3918680579664,-0.0007905534353792
63.4252497683708,-0.0007905534353792
63.4586314787752,-0.0007905534353792
63.4920131891796,-0.0007905534353792
63.525394899584,-0.0007905534353792
63.5587766099884,-0.0007905534353792
63.5921583203928,-0.0007905534353792
63.6255400307973,-0.0007905534353792
63.6589217412017,-0.0007905534353792
63.6923034516061,0.00298654513090727
63.7256851620105,-0.0007905534353792
63.7590668724149,-0.0007905534353792
63.7924485828193,-0.0007905534353792
63.8258302932237,-0.0007905534353792
63.8592120036281,-0.0007905534353792
63.8925937140325,-0.0007905534353792
63.9259754244369,-0.0007905534353792
63.9593571348413,-0.0007905534353792
63.9927388452457,-0.0045677771267705
64.0261205556501,-0.0045677771267705
64.0595022660545,-0.0045677771267705
64.0928839764589,-0.0045677771267705
64.1262656868633,-0.0045677771267705
64.1596473972677,-0.0007905534353792
64.1930291076722,-0.0007905534353792
64.2264108180766,-0.0007905534353792
64.259792528481,-0.0007905534353792
64.2931742388854,-0.0007905534353792
64.3265559492898,-0.0007905534353792
64.3599376596942,-0.0007905534353792
64.3933193700986,-0.0007905534353792
64.426701080503,-0.0007905534353792
64.4600827909074,-0.0007905534353792
64.4934645013118,-0.0007905534353792
64.5268462117162,-0.0007905534353792
64.5602279221206,-0.0007905534353792
64.593609632525,-0.0007905534353792
64.6269913429294,-0.0007905534353792
64.6603730533338,-0.0007905534353792
64.6937547637382,-0.0007905534353792
64.7271364741427,0.00298654513090727
64.7605181845471,0.00298654513090727
64.7938998949515,0.00298654513090727
64.8272816053559,-0.0007905534353792
64.8606633157603,-0.0007905534353792
64.8940450261647,-0.0007905534353792
64.9274267365691,-0.0007905534353792
64.9608084469735,-0.0007905534353792
64.9941901573779,-0.0007905534353792
65.0275718677823,-0.0007905534353792
65.0609535781867,-0.0007905534353792
65.0943352885911,-0.0007905534353792
65.1277169989955,-0.0007905534353792
65.1610987093999,-0.0007905534353792
65.1944804198043,0.00298654513090727
65.2278621302087,-0.0007905534353792
65.2612438406131,-0.0007905534353792
65.2946255510175,-0.0007905534353792
65.3280072614219,-0.0007905534353792
65.3613889718264,0.00298654513090727
65.3947706822308,0.00298654513090727
65.4281523926352,0.00298654513090727
65.4615341030396,0.00298654513090727
65.494915813444,0.00298654513090727
65.5282975238484,0.00298654513090727
65.5616792342528,0.00298654513090727
65.5950609446572,0.00298654513090727
65.6284426550616,-0.0007905534353792
65.661824365466,-0.0007905534353792
65.6952060758704,-0.0007905534353792
65.7285877862748,-0.0007905534353792
65.7619694966792,-0.0007905534353792
65.7953512070836,-0.0007905534353792
65.828732917488,-0.0007905534353792
65.8621146278924,-0.0007905534353792
65.8954963382969,-0.0007905534353792
65.9288780487013,-0.0007905534353792
65.9622597591057,-0.0007905534353792
65.9956414695101,-0.0007905534353792
66.0290231799145,-0.0007905534353792
66.0624048903189,-0.0007905534353792
66.0957866007233,-0.0007905534353792
66.1291683111277,0.00298654513090727
66.1625500215321,0.00298654513090727
66.1959317319365,-0.0007905534353792
66.2293134423409,0.00298654513090727
66.2626951527453,0.00298654513090727
66.2960768631497,0.00298654513090727
66.3294585735541,0.00298654513090727
66.3628402839585,-0.0007905534353792
66.3962219943629,-0.0007905534353792
66.4296037047673,-0.0007905534353792
66.4629854151717,-0.0007905534353792
66.4963671255762,-0.0007905534353792
66.5297488359805,-0.0007905534353792
66.563130546385,-0.0007905534353792
66.5965122567894,-0.0007905534353792
66.6298939671938,0.00298654513090727
66.6632756775982,0.00298654513090727
66.6966573880026,0.00298654513090727
66.730039098407,0.00298654513090727
66.7634208088114,0.00298654513090727
66.7968025192158,-0.0007905534353792
66.8301842296202,-0.0007905534353792
66.8635659400246,-0.0007905534353792
66.896947650429,-0.0007905534353792
66.9303293608334,-0.0007905534353792
66.9637110712378,-0.0007905534353792
66.9970927816422,-0.0007905534353792
67.0304744920467,-0.0007905534353792
67.063856202451,-0.0007905534353792
67.0972379128554,-0.0007905534353792
67.1306196232599,-0.0007905534353792
67.1640013336643,-0.0007905534353792
67.1973830440687,0.00298654513090727
67.2307647544731,0.00298654513090727
67.2641464648775,0.00298654513090727
67.2975281752819,0.00298654513090727
67.3309098856863,0.00298654513090727
67.3642915960907,-0.0007905534353792
67.3976733064951,-0.0007905534353792
67.4310550168995,-0.0007905534353792
67.4644367273039,-0.0007905534353792
67.4978184377083,-0.0007905534353792
67.5312001481127,-0.0007905534353792
67.5645818585171,-0.0007905534353792
67.5979635689215,-0.0007905534353792
67.6313452793259,-0.0007905534353792
67.6647269897304,-0.0007905534353792
67.6981087001348,-0.0007905534353792
67.7314904105392,-0.0007905534353792
67.7648721209436,-0.0007905534353792
67.798253831348,-0.0007905534353792
67.8316355417524,-0.0007905534353792
67.8650172521568,-0.0007905534353792
67.8983989625612,-0.0007905534353792
67.9317806729656,0.00298654513090727
67.96516238337,0.00298654513090727
67.9985440937744,-0.0007905534353792
68.0319258041788,-0.0007905534353792
68.0653075145832,-0.0007905534353792
68.0986892249876,-0.0007905534353792
68.132070935392,-0.0007905534353792
68.1654526457964,-0.0007905534353792
68.1988343562008,-0.0007905534353792
68.2322160666052,-0.0007905534353792
68.2655977770096,0.00298654513090727
68.2989794874141,-0.0007905534353792
68.3323611978185,-0.0007905534353792
68.3657429082229,-0.0007905534353792
68.3991246186273,-0.0007905534353792
68.4325063290317,-0.0007905534353792
68.4658880394361,-0.0007905534353792
68.4992697498405,-0.0007905534353792
68.5326514602449,-0.0007905534353792
68.5660331706493,-0.0007905534353792
68.5994148810537,-0.0007905534353792
68.6327965914581,-0.0007905534353792
68.6661783018625,-0.0007905534353792
68.6995600122669,0.00298654513090727
68.7329417226713,-0.0007905534353792
68.7663234330757,-0.0007905534353792
68.7997051434801,0.00298654513090727
68.8330868538846,-0.0007905534353792
68.866468564289,-0.0007905534353792
68.8998502746934,-0.0007905534353792
68.9332319850978,0.00298654513090727
68.9666136955022,-0.0007905534353792
68.9999954059066,0.00298654513090727
69.033377116311,-0.0007905534353792
69.0667588267154,-0.0007905534353792
69.1001405371198,-0.0007905534353792
69.1335222475242,-0.0007905534353792
69.1669039579286,0.00298654513090727
69.200285668333,0.00298654513090727
69.2336673787374,0.00298654513090727
69.2670490891418,0.00298654513090727
69.3004307995462,-0.0007905534353792
69.3338125099506,-0.0007905534353792
69.367194220355,-0.0007905534353792
69.4005759307594,-0.0007905534353792
69.4339576411639,-0.0007905534353792
69.4673393515683,-0.0007905534353792
69.5007210619727,-0.0007905534353792
69.5341027723771,-0.0007905534353792
69.5674844827815,-0.0007905534353792
69.6008661931859,-0.0007905534353792
69.6342479035903,-0.0007905534353792
69.6676296139947,0.00298654513090727
69.7010113243991,0.00298654513090727
69.7343930348035,0.00298654513090727
69.7677747452079,0.00298654513090727
69.8011564556123,-0.0007905534353792
69.8345381660167,0.00298654513090727
69.8679198764211,0.00298654513090727
69.9013015868255,0.00298654513090727
69.9346832972299,-0.0007905534353792
69.9680650076344,-0.0007905534353792
70.0014467180387,-0.0007905534353792
70.0348284284431,-0.0007905534353792
70.0682101388476,-0.0007905534353792
70.101591849252,-0.0007905534353792
70.1349735596564,-0.0007905534353792
70.1683552700608,-0.0007905534353792
70.2017369804652,0.00298654513090727
70.2351186908696,-0.0007905534353792
70.268500401274,-0.0007905534353792
70.3018821116784,-0.0007905534353792
70.3352638220828,-0.0007905534353792
70.3686455324872,-0.0007905534353792
70.4020272428916,-0.0007905534353792
70.435408953296,-0.0007905534353792
70.4687906637004,-0.0007905534353792
70.5021723741048,-0.0007905534353792
70.5355540845092,-0.0007905534353792
70.5689357949136,-0.0007905534353792
70.6023175053181,-0.0045677771267705
70.6356992157225,-0.0007905534353792
70.6690809261269,0.00298654513090727
70.7024626365313,-0.0007905534353792
70.7358443469357,-0.0007905534353792
70.7692260573401,-0.0007905534353792
70.8026077677445,0.00298654513090727
70.8359894781489,-0.0007905534353792
70.8693711885533,-0.0007905534353792
70.9027528989577,-0.0007905534353792
70.9361346093621,-0.0007905534353792
70.9695163197665,-0.0007905534353792
71.0028980301709,-0.0007905534353792
71.0362797405753,-0.0007905534353792
71.0696614509797,-0.0007905534353792
71.1030431613841,-0.0007905534353792
71.1364248717885,-0.0007905534353792
71.1698065821929,-0.0007905534353792
71.2031882925973,-0.0007905534353792
71.2365700030018,-0.0007905534353792
71.2699517134062,-0.0007905534353792
71.3033334238106,-0.0007905534353792
71.336715134215,-0.0007905534353792
71.3700968446194,-0.0007905534353792
71.4034785550238,-0.0007905534353792
71.4368602654282,-0.0007905534353792
71.4702419758326,-0.0007905534353792
71.503623686237,-0.0007905534353792
71.5370053966414,-0.0007905534353792
71.5703871070458,-0.0007905534353792
71.6037688174502,-0.0007905534353792
71.6371505278546,-0.0007905534353792
71.670532238259,-0.0007905534353792
71.7039139486634,0.00298654513090727
71.7372956590678,-0.0007905534353792
71.7706773694723,-0.0007905534353792
71.8040590798767,-0.0007905534353792
71.8374407902811,-0.0007905534353792
71.8708225006855,-0.0007905534353792
71.9042042110899,-0.0007905534353792
71.9375859214943,-0.0007905534353792
71.9709676318987,-0.0007905534353792
72.0043493423031,-0.0007905534353792
72.0377310527075,0.00298654513090727
72.0711127631119,-0.0007905534353792
72.1044944735163,-0.0007905534353792
72.1378761839207,-0.0007905534353792
72.1712578943251,-0.0007905534353792
72.2046396047295,0.00298654513090727
72.2380213151339,0.00298654513090727
72.2714030255383,0.00298654513090727
72.3047847359427,0.00298654513090727
72.3381664463471,0.00298654513090727
72.3715481567516,0.00298654513090727
72.404929867156,-0.0007905534353792
72.4383115775604,-0.0007905534353792
72.4716932879648,-0.0007905534353792
72.5050749983692,-0.0007905534353792
72.5384567087736,-0.0007905534353792
72.571838419178,-0.0007905534353792
72.6052201295824,-0.0007905534353792
72.6386018399868,0.00298654513090727
72.6719835503912,0.00298654513090727
72.7053652607956,0.00298654513090727
72.7387469712,-0.0007905534353792
72.7721286816044,-0.0007905534353792
72.8055103920088,-0.0007905534353792
72.8388921024132,-0.0007905534353792
72.8722738128176,-0.0007905534353792
72.9056555232221,-0.0007905534353792
72.9390372336264,-0.0007905534353792
72.9724189440308,-0.0007905534353792
73.0058006544353,-0.0007905534353792
73.0391823648397,-0.0007905534353792
73.0725640752441,-0.0007905534353792
73.1059457856485,-0.0007905534353792
73.1393274960529,0.00298654513090727
73.1727092064573,0.00298654513090727
73.2060909168617,0.00298654513090727
73.2394726272661,0.00298654513090727
73.2728543376705,0.00298654513090727
73.3062360480749,-0.0007905534353792
73.3396177584793,-0.0007905534353792
73.3729994688837,-0.0007905534353792
73.4063811792881,-0.0007905534353792
73.4397628896925,-0.0007905534353792
73.4731446000969,-0.0007905534353792
73.5065263105013,-0.0007905534353792
73.5399080209058,-0.0007905534353792
73.5732897313102,-0.0007905534353792
73.6066714417146,-0.0007905534353792
73.640053152119,-0.0007905534353792
73.6734348625234,-0.0007905534353792
73.7068165729278,-0.0007905534353792
73.7401982833322,0.00298654513090727
73.7735799937366,0.00298654513090727
73.806961704141,-0.0007905534353792
73.8403434145454,0.00298654513090727
73.8737251249498,-0.0007905534353792
73.9071068353542,-0.0007905534353792
73.9404885457586,-0.0007905534353792
73.973870256163,-0.0007905534353792
74.0072519665674,-0.0007905534353792
74.0406336769718,-0.0007905534353792
